varID,var5_1,var5_2,var5_2a,var5_3,var5_4,var5_5,var5_22,var5_23
3703020101,是,5,,否,2,2,1,1
3703020102,否,,,否,2,1,0,0
3703020103,否,,,否,0,0,0,0
3703020104,否,,,否,0,0,0,0
3703020105,否,,,否,2,2,0,0
3703020106,否,,,否,0,0,0,0
3703020107,否,,,否,2,2,0,0
3703020108,是,9999,,否,3,2,0,0
3703020109,否,,,否,0,0,0,0
3703020110,否,,,否,3,3,0,0
3703020111,否,,,否,2,2,0,0
3703020112,是,1,,否,2,0,0,0
3703020201,否,,,否,4,2,0,0
3703020202,否,,,否,2,2,0,0
3703020203,是,1,,否,3,0,0,0
3703020204,否,,,否,4,0,0,0
3703020205,否,,,否,3,3,1,1
3703020206,否,,,否,7,5,0,0
3703020207,否,,,否,0,0,0,0
3703020208,否,,,否,0,0,0,0
3703020209,否,,,否,0,0,0,0
3703020210,否,,,否,4,0,0,0
3703020211,否,,,否,7,4,0,0
3703020212,否,,,否,0,0,0,0
3703030101,否,,,否,3,0,1,1
3703030102,是,1,,否,3,0,0,0
3703030103,否,,,否,3,0,0,0
3703030104,否,,,否,3,0,2,2
3703030105,9999.0,,,否,3,2,0,0
3703030106,否,,,否,3,0,3,2
3703030107,是,4,,否,2,0,1,1
3703030108,否,,,否,3,0,1,0
3703030109,否,,,否,3,0,0,0
3703030110,否,,,否,3,0,0,0
3703030111,否,,,否,2,0,0,0
3703030112,否,,,否,2,0,2,0
3703030201,否,,,否,3,3,1,0
3703030202,否,,,否,2,0,1,0
3703030203,否,,,否,5,2,1,1
3703030204,否,,,否,10,8,1,1
3703030205,否,,,否,3,0,1,1
3703030206,否,,,否,3,0,1,0
3703030207,否,,,否,2,0,1,1
3703030208,是,1,,否,0,0,0,0
3703030209,否,,,否,0,0,0,0
3703030210,否,,,否,2,1,0,0
3703030211,否,,,否,2,2,3,3
3703030212,否,,,否,2,0,0,0
3703010101,否,,,否,3,1,0,0
3703010102,否,,,否,3,2,0,0
3703010103,否,,,否,3,1,0,0
3703010104,是,1,,否,6,4,0,0
3703010105,否,,,否,0,0,0,0
3703010106,否,,,否,2,0,0,0
3703010107,否,,,否,2,0,0,0
3703010108,否,,,否,2,2,2,0
3703010109,否,,,否,2,0,0,0
3703010110,否,,,否,2,0,0,0
3703010111,是,1,,否,0,0,0,0
3703010112,是,1,,否,2,2,0,0
3703010201,否,,,否,3,3,1,1
3703010202,否,,,否,3,0,0,0
3703010203,否,,,否,3,3,1,0
3703010204,否,,,否,3,1,0,0
3703010205,否,,,否,3,1,0,0
3703010206,否,,,否,2,0,0,0
3703010207,否,,,否,3,0,0,0
3703010208,否,,,否,3,1,0,0
3703010209,否,,,否,2,0,0,0
3703010210,否,,,否,2,1,0,0
3703010211,是,9,村合作社,否,1,0,0,0
3703010212,否,,,否,2,0,0,0
3701030201,否,,,否,2,0,0,0
3701030202,是,4,,否,2,0,1,1
3701030203,否,,,否,2,2,1,0
3701030204,是,4,,否,3,3,0,0
3701030205,否,,,否,5,5,2,2
3701030206,否,,,否,2,0,2,2
3701030207,否,,,否,2,0,0,0
3701030208,否,,,否,2,0,0,0
3701030209,否,,,否,2,0,1,0
3701030210,是,3,,否,2,0,0,0
3701030211,否,,,否,2,0,0,0
3701030212,是,1,,否,2,0,0,0
3701030101,否,,,否,2,0,0,0
3701030102,否,,,否,2,0,0,0
3701030103,否,,,否,2,0,0,0
3701030104,否,,,否,2,0,0,0
3701030105,否,,,否,2,0,1,1
3701030106,否,,,否,2,0,0,0
3701030107,否,,,否,0,0,0,0
3701030108,否,,,否,0,0,0,0
3701030109,否,,,否,2,0,0,0
3701030110,否,,,否,2,0,0,0
3701030111,否,,,否,2,0,0,0
3701030112,否,,,否,2,0,1,0
3701020201,否,,,否,0,0,0,0
3701020202,否,,,否,4,0,0,0
3701020203,否,,,否,0,0,0,0
3701020204,否,,,否,0,0,0,0
3701020205,否,,,否,2,0,1,0
3701020206,否,,,否,0,0,1,0
3701020207,否,,,否,0,0,2,0
3701020208,否,,,否,0,0,0,0
3701020209,否,,,否,0,0,1,1
3701020210,否,,,否,0,0,0,0
3701020211,否,,,否,0,0,2,0
3701020212,否,,,否,7,7,1,1
3701010201,否,,,否,0,0,0,0
3701010202,否,,,否,0,0,0,0
3701010203,否,,,否,0,0,0,0
3701010204,否,,,否,0,0,0,0
3701010205,否,,,否,0,0,0,0
3701010206,否,,,否,0,0,0,0
3701010207,否,,,否,0,0,1,0
3701010208,否,,,否,0,0,0,0
3701010209,否,,,否,0,0,0,0
3701010210,否,,,否,0,0,0,0
3701010211,否,,,否,0,0,0,0
3701010212,否,,,否,0,0,0,0
3701010101,否,,,否,0,0,0,0
3701010102,否,,,否,0,0,0,0
3701010103,否,,,否,0,0,0,0
3701010104,否,,,否,0,0,0,0
3701010105,否,,,否,0,0,0,0
3701010106,否,,,否,0,0,0,0
3701010107,否,,,否,2,0,2,0
3701010108,否,,,否,0,0,0,0
3701010109,否,,,否,0,0,0,0
3701010110,否,,,否,0,0,1,1
3701010111,否,,,否,0,0,0,0
3701010112,否,,,否,0,0,0,0
3704020101,否,,,否,2,2,0,0
3704020102,否,,,,2,0,0,0
3704020103,否,,,否,0,0,3,0
3704020104,否,,,否,3,0,0,0
3704020105,否,,,否,0,0,0,0
3704020106,否,,,否,1,0,0,0
3704020107,否,,,否,0,0,0,0
3704020108,否,,,否,0,0,0,0
3704020109,否,,,否,0,0,1,1
3704020110,否,,,否,0,0,0,0
3704020111,否,,,否,0,0,0,0
3704020112,否,,,否,2,0,0,0
3704020113,否,,,否,0,0,0,0
3704020201,否,,,否,2,0,0,0
3704020202,是,1,,否,3,0,0,0
3704020203,是,9,,否,3,0,0,0
3704020204,否,,,否,2,0,0,0
3704020205,否,,,否,2,0,0,0
3704020206,是,4,,否,3,0,0,0
3704020207,否,,,否,5,0,0,0
3704020208,是,1,,否,2,0,0,0
3704020209,否,,,否,3,0,0,0
3704020210,是,1,,否,3,0,.,.
3704020211,是,1,,否,3,0,0,0
3704020212,是,9,,否,1,0,0,0
3704010201,否,,,否,0,0,0,0
3704010202,否,,,否,0,0,0,0
3704010203,否,,,否,0,0,0,0
3704010204,否,,,否,2,1,0,0
3704010205,否,,,否,0,0,0,0
3704010206,否,,,否,0,0,0,0
3704010207,否,,,否,0,0,0,0
3704010208,否,,,否,0,0,0,0
3704010209,否,,,否,0,0,0,0
3704010210,否,,,否,0,0,0,0
3704010211,否,,,否,0,0,0,0
3704010212,否,,,否,0,0,0,0
3704010101,否,,,否,2,0,0,0
3704010102,否,,,否,0,0,0,0
3704010103,否,,,否,0,0,0,0
3704010104,否,,,否,0,0,0,0
3704010105,否,,,否,0,0,0,0
3704010106,否,,,否,2,0,0,0
3704010107,否,,,否,2,0,1,0
3704010108,是,1,,否,2,2,0,.
3704010109,否,,,否,0,0,0,0
3704010110,否,,,否,0,0,0,0
3704010111,否,,,否,0,0,0,0
3704010112,否,,,是,2,0,0,0
3704030201,否,,,否,2,0,0,0
3704030202,否,,,否,2,0,0,0
3704030203,否,,,否,0,0,0,0
3704030204,否,,,否,2,2,0,0
3704030205,否,,,否,1,0,0,0
3704030206,,,,,0,0,0,0
3704030207,否,,,否,0,0,0,0
3704030208,否,,,否,0,0,0,0
3704030209,否,,,否,2,1,0,0
3704030210,否,,,否,2,0,0,0
3704030211,否,,,否,3,0,0,0
3704030212,否,,,否,0,0,0,0
3704030101,否,,,否,2,0,2,1
3704030102,否,,,否,0,0,0,0
3704030103,否,,,否,2,0,0,0
3704030104,否,,,否,2,0,0,0
3704030105,否,,,否,2,0,1,0
3704030106,否,,,否,3,0,0,0
3704030107,否,,,否,2,0,0,0
3704030108,否,,,否,3,0,0,0
3704030109,否,,,否,3,1,0,0
3704030110,是,1,,否,2,0,0,0
3704030111,否,,,否,2,2,0,0
3704030112,否,,,否,2,0,0,0
3702030201,否,,,否,2,2,1,0
3702030202,否,,,否,2,1,0,0
3702030203,否,,,否,0,0,1,0
3702030204,否,,,否,2,0,1,0
3702030205,否,,,是,8,3,0,0
3702030206,否,,,否,2,0,1,1
3702030207,否,,,否,2,0,0,0
3702030208,否,,,否,2,0,0,0
3702030209,否,,,否,2,0,1,0
3702030210,否,,,否,2,0,0,0
3702030211,否,,,否,2,0,1,0
3702030212,否,,,否,0,0,1,0
3705030201,是,1,,否,2,2,0,0
3705030202,是,1,,否,0,0,0,0
3705030203,否,,,否,2,0,0,0
3705030204,否,,,否,4,3,3,2
3705030205,否,,,否,1,0,0,0
3705030206,是,1,,否,0,0,0,0
3705030207,否,,,否,1,0,0,0
3705030208,否,,,否,1,0,0,0
3705030209,否,,,否,2,1,0,0
3705030210,否,,,否,2,1,0,0
3705030211,否,,,否,3,0,0,0
3705030212,否,,,否,6,4,0,0
3702030101,否,,,否,0,0,0,0
3702030102,否,,,否,2,0,1,0
3702030103,否,,,否,2,0,0,0
3702030104,否,,,否,2,0,0,0
3702030105,否,,,否,2,0,0,0
3702030106,否,,,否,2,0,0,0
3702030107,否,,,否,2,0,0,0
3702030108,否,,,否,2,0,0,0
3702030109,否,,,否,0,0,0,0
3702030110,否,,,否,2,0,0,0
3702030111,否,,,否,0,0,0,0
3702030112,否,,,否,2,0,1,1
3702030113,否,,,否,0,0,0,0
3705030101,是,,,否,3,0,0,0
3705030102,否,,,否,3,0,0,0
3705030103,是,9,,否,3,2,0,0
3705030104,否,,,否,3,0,0,0
3705030105,是,1,,否,3,2,0,0
3705030106,是,1,,否,4,0,0,0
3705030107,否,,,否,3,0,0,0
3705030108,否,,,否,0,0,0,0
3705030109,否,,,否,4,0,0,0
3705030110,否,,,否,2,0,0,0
3705030111,否,,,否,1,0,0,0
3705030112,否,,,否,3,0,0,0
3702010101,否,,,否,2,0,0,0
3702010102,否,,,否,2,0,0,0
3702010103,否,,,否,2,0,0,0
3702010104,否,,,否,2,0,0,0
3702010105,否,,,否,2,0,0,0
3702010106,否,,,否,2,0,0,0
3702010107,否,,,否,3,0,0,0
3702010108,否,,,否,2,0,0,0
3702010109,否,,,否,3,0,0,0
3702010110,否,,,否,2,0,0,0
3702010111,否,,,否,0,0,0,0
3702010112,否,,,否,2,0,0,0
3702010113,否,,,否,2,0,0,0
3705020201,否,,,否,2,0,0,0
3705020202,否,,,否,2,1,0,0
3705020203,否,,,否,0,0,0,0
3705020204,否,,,否,2,1,0,0
3705020205,否,,,否,2,2,1,1
3705020206,否,,,否,1,1,0,0
3705020207,否,,,否,0,0,0,0
3705020208,否,,,否,5,5,1,1
3705020209,否,,,否,0,0,1,1
3705020210,否,,,否,0,0,0,0
3705020211,是,1,,否,5,5,0,0
3705020212,否,,,否,0,0,0,0
3702010201,是,2,,否,2,0,0,0
3702010202,是,4,,否,4,0,0,0
3702010203,是,4,,否,3,0,0,0
3702010204,否,,,否,7,0,0,0
3702010205,是,2,,否,2,0,0,0
3702010206,否,,,否,5,0,0,0
3702010207,是,1,,否,3,0,0,0
3702010208,否,,,否,6,0,0,0
3702010209,是,1,,否,4,0,0,0
3702010210,是,9,,否,5,0,0,0
3702010211,否,,,否,6,2,0,0
3702010212,是,1,,否,5,0,0,0
3705020101,否,,,否,3,0,0,0
3705020102,否,,,否,0,0,0,0
3705020103,否,,,否,0,0,0,0
3705020104,否,,,否,0,0,0,0
3705020105,否,,,否,2,0,3,1
3705020106,否,,,否,5,5,0,0
3705020107,否,,,否,0,0,0,0
3705020108,否,,,否,2,2,0,0
3705020109,否,,,否,2,0,0,0
3705020110,是,3,,否,7,7,0,0
3705020111,否,,,否,0,0,0,0
3705020112,否,,,否,4,4,.,.
3702020101,否,,,否,2,0,0,0
3702020102,否,,,否,0,0,0,0
3702020103,否,,,否,0,0,0,0
3702020104,否,,,否,2,0,0,0
3702020105,否,,,否,0,0,0,0
3702020106,否,,,否,2,0,0,0
3702020107,是,4,,否,2,0,2,2
3702020108,否,,,否,2,0,0,0
3702020109,否,,,否,0,0,0,0
3702020110,否,,,否,2,0,0,0
3702020111,否,,,否,2,0,1,0
3702020112,是,1,,否,2,0,0,0
3702020113,否,,,否,2,0,0,0
3705010201,是,1,,否,3,1,0,0
3705010202,是,1,,否,0,0,0,0
3705010203,是,,,否,0,0,0,0
3705010204,是,,,否,0,0,0,0
3705010205,是,1,,否,0,0,0,0
3705010206,是,1,,否,0,0,0,0
3705010207,否,,,否,0,0,.,.
3705010208,否,,,否,4,4,0,0
3705010209,否,,,否,0,0,0,0
3705010210,否,,,否,0,0,0,0
3705010211,否,,,否,0,0,0,0
3705010212,否,,,否,0,0,0,0
3705010101,否,,,否,0,0,0,0
3705010102,是,,,否,3,0,1,1
3705010103,否,,,否,3,1,0,0
3705010104,否,,,否,2,0,0,0
3705010105,否,,,否,0,0,0,0
3705010106,否,,,否,3,2,0,0
3705010107,否,,,否,8,5,2,1
3705010108,否,,,否,0,0,0,0
3705010109,否,,,否,0,0,0,0
3705010110,否,,,否,3,3,0,0
3705010111,是,1,,否,1,0,0,0
3705010112,否,,,否,3,2,0,0
3702020201,否,,,否,3,1,0,0
3702020202,否,,,否,0,0,0,0
3702020203,否,,,否,5,5,0,0
3702020204,否,,,否,2,0,0,0
3702020205,否,,,否,2,0,0,0
3702020206,否,,,否,0,0,0,0
3702020207,否,,,否,2,0,0,0
3702020208,否,,,否,0,0,0,0
3702020209,是,9999,,否,2,0,0,0
3702020210,否,,,是,4,0,1,1
3702020211,是,9,,否,0,0,0,0
3702020212,否,,,否,2,0,0,0
3706010101,否,,,否,10,4,0,0
3706010102,否,,,否,5,5,0,0
3706010103,否,,,否,7,3,0,0
3706010104,否,,,否,10,6,0,0
3706010105,否,,,否,5,2,0,0
3706010106,否,,,否,5,3,0,0
3706010107,否,,,否,4,4,0,0
3706010108,否,,,否,3,0,1,1
3706010109,否,,,否,5,2,0,0
3706010110,否,,,否,0,0,1,1
3706010111,否,,,否,5,5,0,0
3706010112,,,,,.,.,0,0
3701020101,否,,,否,2,0,0,0
3701020102,否,,,否,2,0,1,1
3701020103,否,,,否,2,2,0,0
3701020104,否,,,否,2,0,1,0
3701020105,否,,,否,2,0,0,0
3701020106,否,,,否,2,0,3,2
3701020107,否,,,否,2,0,0,0
3701020108,否,,,否,5,3,2,2
3701020109,是,4,,否,3,0,0,0
3701020110,否,,,否,2,0,0,0
3701020111,是,3,,否,3,2,0,0
3701020112,是,1,,否,7,6,2,2
4402020201,是,1,,否,5,5,0,0
4402020202,否,,,否,0,0,1,1
4402020203,否,,,否,4,4,0,0
4402020204,否,,,否,0,0,0,0
4402020205,否,,,否,0,0,0,0
4402020206,否,,,否,0,0,0,0
4402020207,否,,,否,0,0,0,0
4402020208,否,,,否,2,2,2,2
4402020209,否,,,否,0,0,0,0
4402020210,否,,,否,0,0,0,0
4402020211,否,,,,.,.,.,.
4402020212,是,1,,否,0,0,0,0
4402020213,否,,,否,.,.,0,0
4404020101,否,,,否,2,2,0,0
4404020102,否,,,否,2,2,3,2
4404020103,否,,,否,2,2,2,2
4404020104,否,,,否,2,2,0,0
4404020105,否,,,否,0,0,0,0
4404020106,否,,,否,3,3,0,0
4404020107,否,,,否,3,3,3,3
4404020108,否,,,否,4,4,1,1
4404020109,否,,,否,1,1,2,1
4404020110,否,,,否,5,5,1,1
4404020111,否,,,否,.,.,0,.
4404020112,否,,,否,4,1,1,1
4404020201,否,,,否,2,1,1,1
4404020202,否,,,否,7,7,2,2
4404020203,否,,,,0,0,1,1
4404020204,否,,,,0,0,1,1
4404020205,否,,,否,1,0,1,1
4404020206,是,9,合作社无活动,否,1,1,2,2
4404020207,否,,,否,1,1,2,2
4404020208,否,,,否,3,3,1,1
4404020209,否,,,否,0,0,0,0
4404020210,是,2,,否,2,2,2,1
4404020211,否,,,否,.,.,2,2
4404020212,否,,,否,1,1,.,.
4402020101,是,1,,否,.,.,.,.
4402020102,否,,,否,0,0,0,0
4402020103,是,1,,否,0,0,0,0
4402020104,否,,,,0,0,0,0
4402020105,否,,,否,0,0,0,0
4402020106,否,,,否,6,6,0,0
4402020107,否,,,否,0,0,0,0
4402020108,是,9,,,.,.,0,0
4402020109,,,,,.,.,1,1
4402020110,是,1,,否,0,0,0,0
4402020111,是,1,,否,0,0,0,0
4402020112,是,1,,否,0,0,0,0
4402010201,否,,,否,1,0,0,0
4402010202,否,,,否,0,0,0,0
4402010203,是,1,,否,5,5,2,2
4402010204,是,1,,否,0,0,0,0
4402010205,否,,,否,1,1,0,0
4402010206,是,1,,否,.,.,.,.
4402010207,否,,,否,0,0,0,0
4402010208,否,,,否,.,.,0,0
4402010209,否,,,否,0,0,0,0
4402010210,是,1,,否,0,0,4,0
4402010211,否,,,否,.,.,1,0
4402010212,是,9,集体经济合作社,否,.,.,0,.
4402030101,是,1,,否,0,0,0,0
4402030102,是,1,,否,1,0,1,1
4402030103,是,1,,否,0,0,0,0
4402030104,否,,,否,0,0,1,1
4402030105,否,,,否,7,7,1,1
4402030106,否,,,否,0,0,2,2
4402030107,否,,,否,7,7,1,1
4402030108,否,,,否,0,0,0,0
4402030109,是,9999,,否,3,3,1,1
4402030110,,,,,.,.,.,.
4402030111,否,,,否,.,.,.,.
4402030201,是,9,,否,3,3,1,1
4402030202,否,,,否,.,.,1,1
4402030203,否,,,否,1,0,2,2
4402030204,是,2,,否,1,1,2,2
4402030205,否,,,否,2,2,1,1
4402030206,是,1,,否,6,6,0,0
4402030207,否,,,否,6,6,1,1
4402030208,否,,,否,2,2,1,1
4402030209,否,,,否,2,2,1,1
4402030210,否,,,否,6,6,1,1
4402030211,否,,,否,.,.,1,1
4402030212,否,,,否,1,1,1,1
4402030213,是,1,,否,2,2,2,2
4402010101,否,,,否,2,.,0,0
4402010102,否,,,否,2,2,2,2
4402010103,否,,,否,6,6,0,0
4402010104,否,,,否,0,0,2,2
4402010105,否,,,否,2,2,1,1
4402010106,否,,,否,0,0,1,1
4402010107,否,,,否,5,5,1,1
4402010108,否,,,否,0,0,0,0
4402010109,是,1,,否,.,.,.,.
4402010110,是,9,,否,1,1,1,1
4402010111,否,,,否,.,.,0,0
4404010101,否,,,否,2,1,1,1
4404010102,否,,,否,2,2,0,.
4404010103,否,,,否,1,1,1,1
4404010104,否,,,否,3,1,2,0
4404010105,否,,,否,0,0,0,0
4404010106,否,,,否,5,0,1,1
4404010107,否,,,否,0,0,0,0
4404010108,否,,,否,4,4,1,1
4404010109,否,,,否,0,0,1,1
4404010110,否,,,否,1,1,0,0
4404010111,否,,,否,2,2,2,2
4404010112,否,,,否,9,7,1,1
4404010113,否,,,否,2,1,1,1
4404010201,否,,,否,0,0,1,1
4404010202,否,,,否,1,1,1,1
4404010203,否,,,否,10,10,0,0
4404010204,否,,,否,8,0,1,1
4404010205,否,,,否,8,5,2,2
4404010206,否,,,否,2,12,1,1
4404010207,否,,,否,1,1,1,1
4404010208,否,,,否,1,1,1,1
4404010209,否,,,否,3,3,2,2
4404010210,否,,,,1,1,1,1
4404010211,否,,,,5,5,1,1
4404010212,否,,,否,2,0,1,1
4404030101,否,,,否,6,6,2,0
4404030102,否,,,否,3,3,3,2
4404030103,否,,,否,1,1,2,0
4404030104,否,,,否,1,1,0,0
4404030105,否,,,否,1,0,2,1
4404030106,否,,,否,3,3,3,2
4404030107,是,2,,否,8,8,3,1
4404030108,否,,,否,11,10,2,2
4404030109,否,,,否,0,0,2,2
4404030110,否,,,否,4,3,2,1
4404030111,否,,,否,0,.,2,1
4404030201,否,,,否,1,1,1,1
4404030202,否,,,否,4,4,2,2
4404030203,否,,,否,2,2,1,1
4404030204,否,,,否,2,2,2,2
4404030205,否,,,否,7,7,2,2
4404030206,否,,,否,0,0,1,1
4404030207,是,9,,否,2,2,1,1
4404030208,是,9,,否,1,0,0,0
4404030209,否,,,否,4,4,2,2
4404030210,否,,,否,1,1,4,3
4404030211,否,,,否,1,1,1,1
4404030212,否,,,否,0,0,1,1
4401010101,否,,,否,2,2,2,2
4401010102,否,,,否,1,0,1,1
4401010103,否,,,否,0,0,0,0
4401010104,是,1,,否,4,3,0,0
4401010105,否,,,否,10,8,2,2
4401010106,是,,,否,7,5,1,1
4401010107,否,,,,8,7,0,0
4401010108,否,,,否,.,.,1,1
4401010109,否,,,否,3,3,3,3
4401010110,否,,,否,10,10,2,2
4401010111,否,,,否,4,2,3,3
4401010112,是,9,农民专业合作经济组织,是,6,0,4,.
4401010113,否,,,否,8,8,3,2
4405030101,否,,,否,3,3,2,0
4405030102,否,,,否,1,0,0,0
4405030103,是,1,,否,3,3,4,2
4405030104,否,,,否,0,.,0,.
4405030105,否,,,否,5,5,1,1
4405030106,否,,,否,4,4,1,1
4405030107,否,,,否,7,7,2,2
4405030108,否,,,否,0,0,0,0
4405030109,否,,,否,3,3,1,1
4405030110,否,,,否,0,0,3,3
4405030111,,,,,.,.,.,.
4405030112,否,,,否,1,1,2,2
4401030101,是,1,,否,3,3,2,2
4401030102,否,,,否,5,5,2,2
4401030103,否,,,否,5,5,3,3
4401030104,是,2,,否,4,3,2,.
4401030105,否,,,否,10,9,1,1
4401030106,否,,,否,5,5,0,.
4401030107,否,,,,.,.,2,2
4401030108,否,,,否,0,0,0,0
4401030109,是,1,,否,.,.,2,2
4401030110,否,,,否,4,4,2,1
4401030111,否,,,否,7,5,1,1
4401030112,否,,,否,2,0,0,0
4405020201,否,,,否,6,6,2,2
4405020202,否,,,否,4,4,1,1
4405020203,否,,,否,5,5,2,2
4405020204,否,,,否,5,5,1,1
4405020205,否,,,否,5,5,3,3
4405020206,是,9,,否,0,0,3,2
4405020207,否,,,否,12,12,2,2
4405020208,否,,,否,3,3,0,0
4405020209,否,,,否,1,1,0,0
4405020210,,,,,.,.,.,.
4405020211,否,,,否,.,.,.,.
4405020212,否,,,否,1,0,0,0
4405030201,否,,,否,0,.,0,.
4405030202,否,,,否,1,0,0,0
4405030203,否,,,否,5,5,2,2
4405030204,否,,,否,1,1,2,2
4405030205,否,,,否,4,4,3,2
4405030206,否,,,否,10,10,2,2
4405030207,否,,,否,5,5,2,2
4405030208,否,,,否,1,0,1,1
4405030209,否,,,否,3,3,2,2
4405030210,否,,,否,2,2,0,0
4405030211,否,,,否,6,6,3,3
4405030212,,,,,.,.,.,.
4403010201,否,,,否,3,3,1,1
4403010202,是,1,,否,4,0,2,2
4403010203,否,,,否,6,5,1,1
4403010204,否,,,否,7,7,1,1
4403010205,否,,,否,1,0,1,1
4403010206,否,,,否,3,3,2,2
4403010207,否,,,否,3,3,1,0
4403010208,否,,,否,5,4,1,1
4403010209,否,,,否,4,4,2,2
4403010210,否,,,否,3,3,1,1
4403010211,否,,,否,4,4,1,1
4403010212,是,9,,否,1,1,0,0
4403030201,否,,,否,2,0,0,0
4403030202,否,,,否,5,5,0,0
4403030203,,,,,7,6,3,0
4403030204,否,,,否,1,1,1,1
4403030205,否,,,,1,1,2,2
4403030206,是,9,无实质作用,否,3,3,1,1
4403030207,否,,,否,2,1,1,1
4403030208,否,,,否,1,1,1,1
4403030209,否,,,否,5,5,1,1
4403030210,否,,,否,15,14,1,0
4403030211,否,,,否,16,12,1,1
4403030212,否,,,否,.,.,1,1
4405010101,否,,,否,.,.,1,1
4405010102,否,,,否,1,1,0,0
4405010103,否,,,,1,0,0,0
4405010104,否,,,否,1,1,.,.
4405010105,否,,,否,1,1,0,0
4405010106,否,,,否,1,0,0,0
4405010107,否,,,否,1,1,0,.
4405010108,是,"5,9",,否,1,1,1,1
4405010109,否,,,是,1,0,0,0
4405010110,否,,,否,1,0,1,1
4405010111,否,,,是,1,0,0,.
4405010112,否,,,否,1,1,0,.
4405020101,否,,,否,4,4,1,1
4405020102,,,,,.,.,2,2
4405020103,否,,,否,1,1,.,.
4405020104,,,,,0,0,0,0
4405020105,否,,,否,3,3,1,1
4405020106,否,,,否,4,4,1,1
4405020107,否,,,否,1,0,0,0
4405020108,否,,,否,4,4,1,1
4405020109,否,,,否,0,0,0,0
4405020110,否,,,否,3,0,3,0
4405020111,否,,,是,.,.,.,.
4405020112,否,,,否,.,.,.,.
4403020101,否,,,否,1,1,2,2
4403020102,否,,,否,3,3,2,2
4403020103,否,,,否,3,3,2,2
4403020104,否,,,否,4,4,3,3
4403020105,否,,,否,4,4,4,4
4403020106,否,,,否,2,2,3,3
4403020107,否,,,否,2,2,2,2
4403020108,否,,,否,0,0,3,0
4403020109,否,,,否,0,0,2,2
4403020110,否,,,是,1,1,0,0
4403020111,否,,,否,2,2,3,3
4403020112,是,9,种养(殖)合作社,否,1,1,5,5
4403020201,否,,,否,1,1,1,1
4403020202,否,,,否,5,5,1,1
4403020203,否,,,否,4,4,1,1
4403020204,否,,,否,3,3,2,2
4403020205,否,,,否,5,4,2,2
4403020206,否,,,否,3,3,2,2
4403020207,否,,,否,9,8,2,1
4403020208,是,9,,否,13,12,3,1
4403020209,否,,,否,1,1,2,2
4403020210,否,,,否,10,10,2,2
4403020211,是,9,,否,.,.,2,1
4403020212,否,,,否,3,3,2,2
4403030101,否,,,是,0,0,2,2
4403030102,否,,,否,0,0,0,0
4403030103,否,,,否,4,4,1,1
4403030104,否,,,否,2,2,1,1
4403030105,否,,,否,5,2,1,1
4403030106,否,,,否,1,1,.,.
4403030107,否,,,否,4,4,1,1
4403030108,否,,,否,1,1,2,2
4403030109,否,,,否,2,2,2,2
4403030110,否,,,否,5,5,1,1
4403030111,否,,,否,3,0,1,1
4403030112,否,,,否,4,4,1,1
4401030201,是,1,,否,0,.,0,.
4401030202,否,,,否,10,9,3,0
4401030203,否,,,否,4,3,1,1
4401030204,否,,,否,10,10,1,1
4401030205,否,,,否,2,1,1,1
4401030206,否,,,否,1,0,1,1
4401030207,否,,,否,6,4,0,0
4401030208,是,1,,否,4,4,.,.
4401030209,是,2,,否,4,4,1,1
4401030210,否,,,否,4,4,1,1
4401030211,是,5,,否,8,7,2,1
4401030212,是,1,,否,0,0,0,0
4403010101,否,,,否,1,1,1,1
4403010102,是,2,,是,2,1,2,2
4403010103,否,,,否,3,0,2,2
4403010104,否,,,否,5,5,1,1
4403010105,否,,,否,7,6,2,2
4403010106,否,,,否,2,0,1,1
4403010107,否,,,否,0,0,0,0
4403010109,否,,,否,1,1,1,1
4403010110,否,,,否,6,5,2,2
4403010111,否,,,否,7,6,2,2
4403010112,否,,,否,2,0,1,.
4403010108,否,,,否,1,1,1,1
4401020101,否,,,否,3,1,0,0
4401020102,是,1,,否,30,0,0,.
4401020103,否,,,否,.,.,.,.
4401020104,否,,,否,4,0,2,0
4401020105,否,,,否,5,5,2,2
4401020106,是,7,,否,0,0,1,1
4401020107,否,,,否,10,10,1,1
4401020108,否,,,否,2,2,1,1
4401020109,否,,,否,0,0,0,0
4401020110,是,1,,否,0,0,0,0
4401020111,否,,,否,10,10,2,2
4401020112,否,,,否,.,.,.,.
4401020201,否,,,否,0,0,0,0
4401020202,否,,,否,0,0,0,0
4401020203,否,,,否,3,3,1,1
4401020204,否,,,否,4,4,2,2
4401020205,否,,,否,.,.,1,1
4401020206,否,,,否,5,3,1,1
4401020207,否,,,否,0,0,0,0
4401020208,否,,,否,4,2,3,2
4401020209,否,,,否,0,0,.,.
4401020210,否,,,否,5,5,0,.
4401020211,否,,,否,0,0,.,.
4401020212,否,,,否,17,12,3,3
4401010201,否,,,否,0,0,2,2
4401010202,是,2,,是,12,11,2,2
4401010203,否,,,,5,5,2,2
4401010204,否,,,否,3,3,1,1
4401010205,否,,,否,0,0,1,1
4401010206,否,,,否,0,0,1,.
4401010207,否,,,否,2,2,0,0
4401010208,否,,,否,0,0,0,0
4401010209,否,,,否,10,10,1,1
4401010210,否,,,否,2,.,2,2
4401010211,是,1,,否,0,0,2,2
4401010212,否,,,否,3,0,1,1
4405010201,否,,,否,1,1,0,0
4405010202,否,,,否,5,4,1,1
4405010203,是,4,,否,6,5,2,2
4405010204,否,,,否,1,0,1,1
4405010205,是,9999,,否,1,0,.,.
4405010206,否,,,否,1,0,0,0
4405010207,否,,,否,1,1,0,0
4405010208,否,,,否,8,7,0,0
4405010209,否,,,否,1,0,1,1
4405010210,否,,,是,1,0,2,2
4405010211,否,,,是,1,0,0,.
4405010212,否,,,否,1,1,0,0
4405010213,是,6,,否,1,1,0,0
6101020201,否,,,否,6,3,0,0
6101020202,否,,,否,5,3,1,1
6101020203,否,,,否,3,1,0,0
6101020204,否,,,否,3,1,2,2
6101020205,否,,,否,4,2,2,1
6101020206,否,,,否,1,0,1,1
6101020207,否,,,否,5,5,2,2
6101020208,否,,,否,1,0,0,0
6101020209,否,,,否,2,1,3,2
6101020210,否,,,否,2,2,0,0
6101020211,否,,,是,2,2,5,1
6101020212,否,,,否,0,0,2,1
6101020213,是,9999,,否,2,1,2,2
6101030201,否,,,否,6,6,2,2
6101030202,否,,,否,6,3,2,2
6101030203,否,,,否,4,2,2,2
6101030204,9999.0,,,否,4,3,1,1
6101030205,否,,,否,3,1,1,1
6101030206,否,,,否,3,2,3,1
6101030207,否,,,否,3,3,3,1
6101030208,否,,,否,3,2,2,2
6101030209,否,,,否,6,3,1,0
6101030210,否,,,否,3,3,2,2
6101030211,否,,,否,5,2,3,2
6101030212,否,,,否,2,1,0,0
6101030213,否,,,否,6,4,2,2
6101030101,否,,,否,6,4,2,1
6101030102,否,,,否,5,3,1,1
6101030103,是,9999,,否,2,1,2,2
6101030104,否,,,否,2,1,2,2
6101030105,是,1,,否,2,2,2,2
6101030106,否,,,否,2,2,2,0
6101030107,否,,,否,2,2,2,2
6101030108,否,,,是,2,2,2,1
6101030109,否,,,9999.0,4,1,0,0
6101030110,是,2,,否,2,2,2,2
6101030111,是,3,,否,2,2,2,1
6101030112,否,,,否,2,1,1,1
6101010101,否,,,否,6,3,2,1
6101010102,否,,,否,7,4,0,0
6101010103,是,5,,否,3,2,1,1
6101010104,否,,,否,3,3,2,2
6101010105,否,,,否,2,2,2,1
6101010106,否,,,否,0,0,0,0
6101010107,否,,,否,2,2,0,0
6101010108,否,,,否,2,1,1,1
6101010109,是,1,,是,3,1,0,0
6101010110,否,,,是,2,2,2,0
6101010111,否,,,是,3,0,0,0
6101010112,是,"1,2,3,4,5,6",,否,5,2,1,1
6101010201,否,,,否,6,4,0,0
6101010202,否,,,否,4,3,1,0
6101010203,否,,,否,0,0,1,1
6101010204,是,3,,否,2,1,2,2
6101010205,是,"1,3",,否,6,3,0,0
6101010206,是,3,,否,2,2,2,2
6101010207,否,,,否,3,3,1,1
6101010208,否,,,否,5,0,0,0
6101010209,是,1,,是,3,1,2,2
6101010210,是,3,,9999.0,2,0,2,2
6101010211,是,3,,否,0,0,0,0
6101010212,是,3,,否,2,2,2,2
6101020101,否,,,是,4,3,2,0
6101020102,否,,,否,6,4,1,1
6101020103,是,1,,否,3,1,1,1
6101020104,否,,,否,2,1,0,0
6101020105,否,,,否,3,2,0,0
6101020106,否,,,否,2,2,2,0
6101020107,否,,,是,3,0,4,0
6101020108,否,,,否,0,0,0,0
6101020109,是,2,,否,2,1,1,0
6101020110,否,,,是,3,2,2,2
6101020111,否,,,否,2,0,0,0
6101020112,否,,,否,2,2,2,2
6105010201,是,1,,否,8,2,0,0
6105010202,是,1,,否,8,6,0,0
6105010203,否,,,否,3,1,0,0
6105010204,否,,,否,2,0,0,0
6105010205,是,4,,是,.,.,0,0
6105010206,是,4,,否,3,0,0,0
6105010207,否,,,否,3,0,0,0
6105010208,否,,,否,3,0,0,0
6105010209,否,,,否,3,0,0,0
6105010210,否,,,否,4,0,1,1
6105010211,否,,,否,3,0,0,0
6105010212,9999.0,,,否,3,0,0,0
6105010101,是,1,,是,6,4,0,0
6105010102,否,,,否,7,5,1,1
6105010103,否,,,否,2,0,0,0
6105010104,否,,,否,1,1,0,0
6105010105,否,,,否,2,0,0,0
6105010106,否,,,否,3,0,0,0
6105010107,否,,,否,2,1,1,0
6105010108,否,,,否,3,0,0,0
6105010109,否,,,否,2,0,0,0
6105010110,是,1,,否,4,0,0,0
6105010111,是,1,,否,3,2,0,0
6105010112,是,1,,否,3,2,0,0
6105020101,是,4,,否,2,0,0,0
6105020102,是,4,,否,2,0,0,0
6105020103,是,9999,,否,3,1,1,1
6105020104,否,,,否,2,1,0,0
6105020105,否,,,是,2,1,1,0
6105020106,否,,,否,1,0,0,0
6105020108,是,1,,否,2,0,1,0
6105020107,是,4,,否,0,0,0,0
6105020109,否,,,否,3,0,0,0
6105020110,否,,,否,1,0,1,0
6105020111,否,,,否,1,0,0,0
6105020112,是,4,,否,3,0,0,0
6104010201,否,,,否,1,0,0,0
6104010202,否,,,否,0,0,0,0
6104010203,否,,,否,5,3,0,0
6104010204,否,,,否,.,.,0,0
6104010205,否,,,否,5,5,0,0
6104010206,否,,,否,1,1,0,0
6104010207,否,,,否,7,6,0,0
6104010208,否,,,否,3,2,.,.
6104010209,否,,,否,9,8,0,0
6104010210,否,,,否,1,0,0,0
6104010211,否,,,否,3,2,1,1
6104010212,否,,,否,4,3,0,0
6104020212,否,,,否,0,0,0,0
6104020211,否,,,否,6,3,0,0
6104020210,否,,,否,1,0,0,0
6104020209,否,,,否,1,0,.,.
6104020207,否,,,否,2,0,0,0
6104020208,是,9,养殖合作社,否,2,0,0,0
6104020206,是,9,渔业,否,6,4,0,0
6104020205,否,,,否,7,5,0,0
6104020204,是,1,,否,9,7,0,0
6104020203,否,,,否,2,0,.,.
6104020202,否,,,否,1,0,0,0
6104020201,是,4,,否,1,0,0,0
6104020112,否,,,否,1,0,0,0
6104020111,否,,,否,2,0,0,0
6104020110,否,,,否,4,0,1,0
6104020109,否,,,否,1,0,0,0
6104020108,否,,,否,2,0,0,0
6104020107,否,,,是,0,0,0,0
6104020106,否,,,否,2,0,0,0
6104020105,否,,,否,1,0,0,0
6104020104,否,,,否,2,2,0,0
6104020103,否,,,否,2,0,0,0
6104020102,否,,,否,2,2,0,0
6104020101,否,,,否,2,0,0,0
6103010201,否,,,否,10,7,1,1
6103010202,否,,,否,8,4,0,0
6103010203,,,,,.,.,.,.
6103010204,否,,,否,11,6,0,0
6103010205,否,,,否,2,2,1,0
6103010206,否,,,否,4,3,1,1
6103010207,否,,,否,4,2,2,2
6103010208,是,9,,否,3,2,0,0
6103010209,否,,,否,5,0,1,1
6103010210,否,,,否,9,3,1,1
6103010211,否,,,否,10,5,0,.
6103010212,否,,,否,8,4,0,0
6103020101,否,,,否,5,3,1,0
6103020102,是,2,,否,3,2,2,1
6103020103,,,,,.,.,.,.
6103020104,否,,,否,11,2,2,1
6103020105,是,1,,否,15,10,1,1
6103020106,是,1,,否,10,7,1,1
6103020107,是,2,,否,10,5,0,.
6103020108,是,2,,是,10,0,1,1
6103020109,是,,,否,10,10,1,1
6103020110,否,,,否,10,8,1,1
6103020111,否,,,否,3,2,2,2
6103020112,是,9,个人合作社,否,5,4,1,1
3302020101,是,1,,否,6,6,.,.
3302020102,是,1,,否,0,0,0,0
3302020103,否,,,否,0,0,0,0
3302020104,是,1,,否,2,0,0,0
3302020105,否,,,是,1,0,0,.
3302020106,是,1,,否,0,0,0,0
3302020107,是,1,,否,7,7,0,0
3302020108,否,,,,.,.,2,2
3302020109,是,1,,否,0,0,0,0
3302020110,是,1,,否,0,0,0,0
3302020111,是,1,,否,10,10,0,0
3302020112,否,,,否,0,0,0,0
3302020113,是,1,,否,0,0,0,0
3302020114,否,,,否,0,0,0,0
3302020115,否,,,否,0,0,0,0
3303020201,否,,,否,.,.,0,0
3303020202,是,1,,否,1,1,2,2
3303020203,否,,,否,0,0,2,2
3303020204,是,1,,否,10,10,1,1
3303020205,否,,,否,4,4,0,0
3303020206,是,1,,,4,4,0,0
3303020207,否,,,否,10,10,2,2
3303020208,否,,,否,10,9,2,2
3303020209,是,1,,否,10,10,3,3
3303020210,是,1,,否,0,0,2,2
3303020211,9999.0,9999,,否,10,9,2,2
3303020212,否,,,否,15,15,3,3
3303020213,是,1,,否,3,3,2,2
3303020214,是,1,,否,1,1,2,2
3303020101,是,9999,,否,0,0,2,2
3303020102,否,,,否,20,20,0,0
3303020103,是,1,,否,10,10,0,0
3303020104,是,1,,否,7,7,0,0
3303020105,是,1,,否,6,6,.,.
3303020106,是,1,,否,0,0,0,0
3303020107,否,,,否,1,1,0,0
3303020108,否,,,否,15,15,1,1
3303020109,是,1,,否,15,15,0,0
3303020110,否,,,否,20,20,1,1
3303020111,否,,,否,11,11,3,3
3303020112,否,,,否,0,0,1,1
3303020113,是,1,,否,4,4,1,1
3303020114,9999.0,9999,,否,6,6,2,2
3302020201,否,,,是,1,0,.,.
3302020202,否,,,否,3,0,.,.
3302020203,否,,,否,1,0,0,0
3302020204,否,,,否,0,.,0,.
3302020205,否,,,否,0,0,1,1
3302020206,否,,,否,0,0,0,0
3302020207,否,,,否,0,0,0,0
3302020208,是,1,,否,4,3,0,0
3302020209,否,,,否,7,7,2,2
3302020210,否,,,否,9,8,0,0
3302020211,否,,,否,15,15,0,0
3302020212,否,,,否,20,19,0,0
3302020213,否,,,否,0,0,.,.
3303010101,否,,,否,14,14,0,0
3303010102,否,,,否,10,10,0,0
3303010103,否,,,否,0,0,0,0
3303010104,否,,,否,1,0,3,3
3303010105,是,1,,否,3,3,0,0
3303010106,是,1,,否,4,4,3,3
3303010107,是,1,,否,0,0,1,1
3303010108,是,1,,否,0,0,0,0
3303010109,否,,,否,2,2,0,0
3303010110,9999.0,,,否,6,6,1,0
3303010111,9999.0,,,否,5,5,0,0
3303010112,是,1,,否,15,14,0,0
3303010113,否,,,否,0,0,0,0
3303010114,否,,,否,6,6,1,1
3303010115,是,1,,否,0,0,0,0
3303010201,是,1,,否,12,12,0,0
3303010202,否,,,否,0,0,0,0
3303010203,是,3,,是,6,0,2,0
3303010204,否,,,否,0,0,0,0
3303010205,是,1,,否,6,6,0,0
3303010206,是,1,,否,0,0,0,0
3303010207,是,1,,否,0,0,.,.
3303010208,是,1,,否,0,0,0,0
3303010209,否,,,否,0,0,0,0
3303010210,否,,,否,0,0,0,0
3303010211,是,1,,否,6,6,0,0
3303010212,否,,,否,15,15,0,0
3301040101,否,,,否,11,11,1,1
3301040102,否,,,否,27,27,.,.
3301040103,否,,,否,5,5,0,0
3301040104,否,,,否,0,.,0,.
3301040105,,,,,.,.,1,1
3301040106,否,,,否,7,7,0,0
3301040107,否,,,否,5,5,0,0
3301040108,否,,,否,5,5,1,0
3301040109,,,,,.,.,.,.
3301040110,否,,,否,5,5,0,0
3301040111,否,,,否,8,7,0,0
3301040112,否,,,否,1,1,0,0
3301040113,是,9999,,否,14,12,2,2
3301040114,否,,,否,2,2,2,2
3303030201,是,1,,否,8,8,4,4
3303030202,是,1,,否,10,10,0,0
3303030203,是,4,,否,0,0,0,0
3303030204,9999.0,,,否,0,0,0,0
3303030205,是,1,,是,.,.,.,.
3303030206,是,1,,否,8,8,0,0
3303030207,否,,,否,8,8,0,0
3303030208,是,1,,否,0,0,0,0
3303030209,是,1,,否,12,10,3,3
3303030210,是,"1,4",,否,2,0,0,0
3303030211,是,1,,否,10,10,2,2
3303030212,是,1,,否,3,3,0,0
3303030213,是,1,,否,8,8,2,2
3303030101,否,,,否,4,4,0,0
3303030102,9999.0,,,否,9999,9999,0,0
3303030103,是,1,,否,0,0,0,0
3303030104,是,1,,否,0,0,0,0
3303030105,是,1,,否,0,0,0,0
3303030106,是,1,,否,0,0,0,0
3303030107,是,1,,否,0,0,0,0
3303030108,是,1,,否,0,0,0,0
3303030109,9999.0,,,否,10,10,2,2
3303030110,是,1,,否,0,0,0,0
3303030111,是,1,,否,0,0,0,0
3303030112,是,1,,否,0,0,0,0
3303030113,否,,,否,3,3,0,0
3302030201,9999.0,,,否,8,8,0,0
3302030202,是,1,,否,7,7,0,0
3302030203,是,1,,否,0,0,0,0
3302030204,否,,,否,0,0,0,0
3302030205,否,,,否,6,6,0,0
3302030206,否,,,否,0,0,0,0
3302030207,是,1,,否,8,8,0,0
3302030208,是,1,,否,0,0,0,0
3302030209,否,,,否,0,0,0,0
3302030210,是,1,,否,0,0,0,0
3302030211,否,,,否,0,0,0,0
3302030212,否,,,否,0,0,0,0
3302030213,否,,,否,0,0,0,0
3302030214,否,,,否,0,0,0,0
3302030101,否,,,否,0,0,0,0
3302030102,是,1,,否,6,6,0,0
3302030103,否,,,否,0,0,0,0
3302030104,是,1,,否,0,0,0,0
3302030105,9999.0,,,否,0,0,0,0
3302030106,是,2,,是,4,0,3,3
3302030107,是,1,,否,0,0,0,0
3302030108,否,,,否,8,8,0,0
3302030109,是,1,,否,0,0,0,0
3302030110,是,1,,否,0,0,0,0
3302030111,是,1,,否,0,0,0,0
3302030112,否,,,否,0,0,0,0
3302030113,否,,,否,0,0,0,0
3302030114,否,,,否,0,0,0,0
3302010201,否,,,否,4,4,0,0
3302010202,是,1,,,10,0,0,0
3302010203,否,,,否,6,6,0,0
3302010204,是,1,,否,1,1,0,0
3302010205,否,,,否,6,6,0,0
3302010206,否,,,否,2,2,0,0
3302010207,是,1,,否,10,1,0,0
3302010208,否,,,否,8,0,.,.
3302010209,否,,,否,1,0,0,0
3302010210,否,,,否,4,1,0,0
3302010211,是,1,,否,15,15,0,0
3302010212,否,,,否,15,15,0,0
3302010213,否,,,否,30,30,0,0
3302010214,否,,,否,14,14,0,0
3302010101,是,1,,否,0,0,0,0
3302010102,是,1,,否,2,2,1,1
3302010103,是,1,,否,0,0,0,0
3302010104,是,1,,否,0,0,0,0
3302010105,否,,,否,0,0,0,0
3302010106,否,,,否,8,8,0,0
3302010107,是,1,,否,2,.,0,0
3302010108,是,1,,否,8,8,3,3
3302010109,是,1,,否,3,3,0,0
3302010110,否,,,否,7,7,0,0
3302010111,否,,,否,0,0,0,0
3302010112,是,1,,否,4,4,0,0
3302010113,是,1,,否,0,0,0,0
3302010114,是,1,,否,0,0,0,0
4105020201,是,1,,否,3,2,0,0
4105020202,否,,,否,3,2,0,0
4105020203,否,,,否,6,6,1,0
4105020204,是,1,,否,1,0,0,0
4105020205,是,1,,否,2,2,1,0
4105020206,是,1,,否,4,0,0,0
4105020207,是,1,,否,2,2,1,0
4105020208,是,1,,否,5,1,0,0
4105020209,否,,,否,0,0,0,0
4105020210,是,1,,否,3,0,2,0
4105020211,是,1,,否,10,0,1,0
4105020212,是,1,,否,6,5,1,0
4103010101,是,1,,否,0,0,0,0
4103010102,是,3,,否,2,0,2,1
4103010103,是,1,,否,2,1,0,0
4103010104,否,,,否,9,7,0,0
4103010105,是,4,,否,2,0,0,0
4103010106,是,2,,否,3,0,0,0
4103010107,是,1,,否,2,1,0,0
4103010108,是,1,,否,2,0,0,0
4103010109,否,,,否,0,0,0,0
4103010110,是,4,,否,2,0,0,0
4103010111,否,,,否,4,0,1,0
4103010112,否,,,否,10,8,0,0
4103010113,否,,,否,.,.,1,1
4103010201,否,,,否,2,1,0,0
4103010202,否,,,否,3,0,0,0
4103010203,是,1,,是,4,0,4,2
4103010204,是,1,,否,4,0,3,0
4103010205,是,1,,是,2,0,1,0
4103010206,否,,,否,2,0,0,0
4103010207,是,1,,否,2,0,0,0
4103010208,是,1,,否,3,0,1,0
4103010209,是,1,,否,2,0,2,0
4103010210,是,4,,否,3,0,2,0
4103010211,是,1,,否,3,2,1,0
4103010212,是,1,,否,10,8,1,1
4103010213,是,1,,否,2,0,3,1
4105010201,是,1,,否,4,4,0,0
4105010202,是,1,,否,2,1,0,0
4105010203,是,1,,否,0,0,0,0
4105010204,是,2,,否,0,0,0,0
4105010205,是,1,,否,0,0,0,0
4105010206,是,1,,否,1,0,0,0
4105010207,是,1,,否,1,0,0,0
4105010208,是,1,,否,2,1,0,0
4105010209,否,,,否,2,2,0,0
4105010210,是,1,,否,2,2,0,0
4105010211,是,1,,否,0,0,0,0
4105010212,否,,,否,1,0,0,0
4103030101,是,1,,否,2,2,0,0
4103030102,是,1,,否,2,2,3,1
4103030103,是,1,,否,0,0,1,0
4103030104,是,1,,否,0,0,.,.
4103030105,是,1,,否,2,0,0,0
4103030106,否,,,否,2,0,2,2
4103030107,是,1,,否,1,0,0,0
4103030108,是,1,,否,0,0,0,0
4103030109,否,,,否,2,0,1,0
4103030110,否,,,否,2,0,2,0
4103030111,是,1,,否,2,0,0,0
4103030112,否,,,否,2,0,1,1
4103030113,是,1,,否,3,3,1,1
4101010101,否,,,否,2,0,0,0
4101010102,否,,,否,3,0,0,0
4101010103,是,4,,否,6,3,0,0
4101010104,否,,,否,2,0,2,2
4101010105,否,,,否,6,2,0,0
4101010106,否,,,否,2,0,0,0
4101010107,是,2,,否,3,1,0,0
4101010108,否,,,否,2,0,0,0
4101010109,否,,,否,2,0,0,0
4101010110,否,,,否,4,1,0,0
4101010111,否,,,否,4,3,1,0
4101010112,否,,,否,2,0,0,0
4101010113,否,,,否,9,7,2,1
4101010114,是,2,,否,4,0,0,0
4101020101,否,,,否,2,0,1,0
4101020102,否,,,否,2,0,0,0
4101020103,是,1,,否,7,3,0,0
4101020104,否,,,否,2,0,0,0
4101020105,否,,,否,3,0,0,0
4101020106,否,,,否,2,2,2,1
4101020107,否,,,否,2,0,0,0
4101020108,否,,,否,2,0,0,.
4101020109,否,,,否,2,0,0,0
4101020110,否,,,否,2,0,2,0
4101020111,否,,,否,3,0,0,0
4101020112,否,,,否,0,0,1,1
4101020113,否,,,否,5,3,1,1
4105030201,是,1,,否,3,2,1,0
4105030202,否,,,否,0,0,0,0
4105030203,是,1,,否,0,0,0,0
4105030204,是,1,,否,.,.,0,0
4105030205,是,1,,否,7,7,0,0
4105030206,是,1,,否,0,0,0,0
4105030207,是,1,,否,0,0,0,0
4105030208,是,1,,否,0,0,.,.
4105030209,是,1,,否,1,0,0,0
4105030210,是,9,集体经济合作社,否,4,3,0,0
4105030211,是,1,,否,3,0,0,0
4105030212,是,1,,否,8,0,0,0
4105030213,是,1,,否,1,1,0,0
4105030101,否,,,否,1,0,0,0
4105030102,是,1,,否,0,0,0,0
4105030103,是,1,,否,4,4,0,0
4105030104,是,1,,否,0,0,0,0
4105030105,是,1,,否,1,1,0,0
4105030106,否,,,否,1,1,1,1
4105030107,是,1,,否,3,3,0,.
4105030108,是,1,,否,1,0,0,0
4105030109,是,1,,否,2,0,0,0
4105030110,是,1,,否,0,0,0,0
4105030111,是,9,,否,1,0,0,0
4105030112,是,1,,否,7,5,0,0
4101030101,否,,,否,2,1,0,0
4101030102,否,,,否,3,0,0,0
4101030103,是,1,,否,8,6,0,0
4101030104,否,,,否,2,1,0,0
4101030105,否,,,否,2,0,0,0
4101030106,否,,,否,4,1,0,0
4101030107,否,,,否,4,1,0,0
4101030108,否,,,否,2,0,0,0
4101030109,否,,,否,5,2,0,0
4101030110,否,,,否,3,3,1,0
4101030111,否,,,否,5,2,0,.
4101030112,否,,,否,3,0,0,0
4101030113,否,,,否,3,2,0,0
4103020101,是,1,,否,3,0,1,0
4103020102,是,1,,否,0,0,2,0
4103020103,是,1,,否,4,0,0,0
4103020104,是,1,,否,2,0,2,0
4103020105,是,1,,否,2,0,1,0
4103020106,是,1,,否,3,0,0,.
4103020107,是,1,,否,6,0,0,0
4103020108,是,4,,否,2,0,0,0
4103020109,是,1,,否,2,0,1,1
4103020110,否,,,否,2,0,1,0
4103020111,是,1,,否,2,0,1,1
4103020112,是,1,,否,9,6,4,3
4103020113,是,1,,否,2,0,3,0
4103030201,是,1,,否,0,0,2,1
4103030202,是,1,,否,4,0,0,0
4103030203,是,1,,否,3,0,2,0
4103030204,是,1,,否,3,0,0,.
4103030205,是,1,,否,3,0,2,0
4103030206,否,,,否,3,1,2,2
4103030207,是,1,,否,2,2,0,0
4103030208,是,1,,否,2,0,0,0
4103030209,是,1,,否,3,3,2,1
4103030210,否,,,否,4,0,2,0
4103030211,是,1,,否,3,2,2,2
4103030212,是,1,,否,4,0,3,3
4103030213,是,1,,否,2,0,2,0
4105010101,是,1,,否,2,0,0,0
4105010102,是,1,,否,1,0,0,0
4105010103,是,2,,否,0,0,0,0
4105010104,是,1,,否,2,0,0,0
4105010105,是,1,,否,0,0,0,0
4105010106,是,1,,否,1,1,0,0
4105010107,是,1,,否,1,0,0,0
4105010108,是,1,,否,0,0,0,0
4105010109,否,,,否,0,0,0,0
4105010110,是,1,,否,0,0,0,0
4105010111,是,1,,否,2,2,0,0
4105010112,是,1,,否,4,4,0,0
4105020101,否,,,否,2,2,0,0
4105020102,否,,,否,3,3,1,1
4105020103,是,1,,否,2,1,0,0
4105020104,否,,,否,2,2,0,0
4105020105,是,1,,否,1,0,0,0
4105020106,否,,,否,6,3,1,1
4105020107,否,,,否,1,1,0,0
4105020108,是,1,,否,1,0,0,0
4105020109,否,,,否,2,0,1,0
4105020110,否,,,否,1,0,0,0
4105020111,是,1,,否,2,1,0,0
4105020112,是,1,,否,3,3,0,0
4103020201,否,,,否,2,0,0,0
4103020202,否,,,否,2,2,1,0
4103020203,是,3,,否,5,0,0,0
4103020204,否,,,是,6,3,0,0
4103020205,否,,,否,3,0,0,0
4103020206,否,,,,2,0,0,.
4103020207,否,,,否,2,0,0,0
4103020208,是,1,,否,3,0,0,0
4103020209,否,,,否,2,0,2,0
4103020210,是,2,,否,4,0,0,0
4103020211,是,1,,否,2,0,1,1
4103020212,否,,,否,10,8,4,3
4103020213,否,,,否,2,1,1,0
2301010201,否,,,否,10,9,3,3
2301010202,否,,,否,5,4,3,3
2301010203,否,,,否,1,0,1,1
2301010204,否,,,否,0,0,.,.
2301010205,否,,,否,5,4,0,0
2301010206,否,,,否,6,5,1,1
2301010207,是,1,,否,5,4,2,2
2301010208,否,,,否,1,0,3,3
2301010209,否,,,否,.,.,.,.
2301010210,否,,,否,4,4,2,2
2301010211,否,,,否,9,8,3,3
2301010212,否,,,否,7,6,1,1
2305030101,否,,,否,5,4,0,0
2305030102,否,,,否,6,5,3,3
2305030103,是,1,,否,6,5,0,0
2305030104,否,,,是,.,.,0,0
2305030105,是,6,,否,2,2,1,1
2305030106,否,,,否,2,0,2,2
2305030107,否,,,否,7,5,3,3
2305030108,否,,,否,7,6,3,3
2305030109,否,,,否,5,5,0,0
2305030110,否,,,否,5,4,0,0
2305030111,否,,,否,7,7,0,0
2305030112,否,,,否,9,6,1,1
2304020101,否,,,否,6,4,1,1
2304020102,否,,,否,6,6,2,2
2304020103,,,,,.,.,.,.
2304020104,否,,,否,.,.,2,0
2304020105,否,,,否,1,0,1,1
2304020106,否,,,否,1,1,1,0
2304020107,否,,,否,9,7,3,3
2304020108,否,,,否,1,0,3,3
2304020109,是,9,种植合作社,是,8,6,3,3
2304020110,是,1,,否,8,6,2,2
2304020111,是,1,,否,6,5,3,3
2304020112,是,1,,否,10,10,0,0
2304030201,否,,,否,8,8,1,1
2304030202,否,,,否,40,40,0,0
2304030203,否,,,否,6,5,0,0
2304030204,否,,,否,10,8,2,2
2304030205,否,,,否,8,8,1,0
2304030206,否,,,否,12,11,0,0
2304030207,是,1,,否,10,8,0,0
2304030208,否,,,否,5,5,0,0
2304030209,否,,,否,5,5,0,0
2304030210,否,,,否,10,10,0,0
2304030211,,,,,5,5,0,0
2304030212,否,,,否,6,5,0,0
2301020201,是,5,,否,10,9,3,3
2301020202,否,,,否,13,11,1,0
2301020203,否,,,否,2,0,1,0
2301020204,否,,,否,2,0,1,0
2301020205,是,4,,否,5,4,1,1
2301020206,否,,,否,1,0,1,1
2301020207,否,,,是,5,4,1,0
2301020208,否,,,否,7,5,2,1
2301020209,是,4,,否,5,4,3,3
2301020210,否,,,否,5,4,1,0
2301020211,,,,,.,.,.,.
2301020212,否,,,否,2,1,0,0
2304030101,否,,,否,1,0,0,0
2304030102,否,,,否,6,2,0,0
2304030103,否,,,否,1,0,0,0
2304030104,是,9,大豆种植合作社,否,2,0,2,2
2304030105,是,2,,否,4,6,3,3
2304030106,否,,,否,0,0,0,0
2304030107,否,,,否,.,.,.,.
2304030108,否,,,否,.,.,1,0
2304030109,是,4,,否,10,6,0,0
2304030110,否,,,否,9,2,1,1
2304030111,否,,,否,6,6,1,0
2304030112,否,,,否,6,5,1,1
2305020201,否,,,否,20,18,2,2
2305020202,否,,,否,20,20,2,2
2305020203,否,,,否,9,9,2,2
2305020204,否,,,否,8,7,0,0
2305020205,否,,,否,9,7,3,0
2305020206,否,,,否,13,13,0,0
2305020207,否,,,否,13,11,0,0
2305020208,否,,,否,10,8,3,3
2305020209,是,2,,否,10,8,0,0
2305020210,否,,,否,9,8,0,0
2305020211,否,,,否,10,10,2,2
2305020212,否,,,否,6,5,1,1
2305010201,否,,,否,8,7,0,0
2305010202,否,,,否,8,8,0,0
2305010203,否,,,否,1,0,0,0
2305010204,,,,,5,5,3,0
2305010205,是,1,,否,0,0,0,0
2305010206,否,,,否,13,13,1,1
2305010207,否,,,否,10,9,0,0
2305010208,否,,,否,9,8,0,0
2305010209,否,,,否,13,12,0,0
2305010210,是,3,,否,8,8,1,1
2305010211,是,3,,否,7,7,1,0
2305010212,否,,,否,9,8,1,0
2305020101,否,,,否,7,.,0,0
2305020102,否,,,否,10,10,1,0
2305020103,否,,,否,10,8,2,2
2305020104,是,4,,否,21,20,0,0
2305020105,否,,,否,1,0,0,0
2305020106,否,,,否,4,4,1,1
2305020107,是,3,,否,0,0,0,0
2305020108,是,3,,否,5,5,2,2
2305020109,否,,,否,8,8,1,0
2305020110,否,,,否,13,10,1,1
2305020111,是,,,否,1,1,2,0
2305020112,否,,,9999.0,14,12,3,3
2305010101,是,4,,否,10,8,3,0
2305010102,否,,,否,5,5,4,1
2305010103,是,4,,否,9,7,0,0
2305010104,否,,,否,.,.,.,.
2305010105,是,4,,否,10,8,3,2
2305010106,是,1,,否,10,10,1,0
2305010107,是,1,,是,6,6,2,1
2305010108,是,1,,否,.,.,2,2
2305010109,否,,,否,.,.,.,.
2305010110,是,1,,否,8,8,4,4
2305010111,否,,,否,10,9,1,1
2305010112,是,4,,否,6,4,1,1
2304020201,否,,,否,5,4,0,0
2304020202,否,,,否,13,12,3,3
2304020203,是,6,,是,8,5,0,0
2304020204,否,,,否,10,7,1,1
2304020205,否,,,否,7,5,0,0
2304020206,否,,,是,8,5,1,1
2304020207,否,,,否,7,5,0,0
2304020208,否,,,否,11,9,0,0
2304020209,否,,,否,5,5,1,1
2304020210,否,,,否,10,7,3,0
2304020211,否,,,否,10,8,0,0
2304020212,否,,,否,11,9,0,0
2303030101,否,,,否,3,2,0,0
2303030102,否,,,否,1,0,0,0
2303030103,否,,,否,7,6,3,3
2303030104,否,,,否,7,6,3,3
2303030105,否,,,否,2,0,1,1
2303030106,否,,,否,1,0,1,0
2303030107,是,4,,否,1,0,1,1
2303030108,否,,,否,.,.,.,.
2303030109,否,,,否,6,5,1,1
2303030110,否,,,否,1,0,1,1
2303030111,否,,,否,1,0,1,1
2303030112,否,,,否,1,0,1,1
2301040101,否,,,否,5,4,1,1
2301040102,否,,,是,2,1,.,.
2301040103,否,,,否,3,0,3,3
2301040104,是,4,,否,3,2,1,1
2301040105,否,,,否,3,0,0,0
2301040106,否,,,否,2,0,2,2
2301040107,否,,,否,5,4,1,0
2301040108,否,,,否,10,7,2,1
2301040109,否,,,否,0,0,3,2
2301040110,是,4,,否,1,1,1,0
2301040111,是,4,,否,9,8,0,0
2301040112,否,,,否,4,0,0,.
2301030201,否,,,否,5,4,3,2
2301030202,否,,,否,7,6,3,2
2301030203,否,,,否,4,4,1,1
2301030204,是,1,,否,6,5,4,3
2301030205,否,,,,0,0,2,2
2301030206,否,,,否,7,6,0,0
2301030207,是,1,,否,5,4,0,0
2301030208,是,1,,否,6,5,4,3
2301030209,否,,,否,5,5,0,0
2301030210,否,,,否,6,4,4,3
2301030211,是,,,否,9,8,1,1
2301030212,是,4,,是,10,7,6,3
2304010201,否,,,否,7,6,1,1
2304010202,否,,,否,8,6,0,0
2304010203,是,9,,否,10,9,2,2
2304010204,否,,,否,7,5,0,0
2304010205,否,,,否,6,5,0,0
2304010206,否,,,否,8,8,0,0
2304010207,否,,,否,10,8,1,1
2304010208,否,,,否,11,9,1,1
2304010209,否,,,否,6,6,2,2
2304010210,否,,,否,8,6,0,0
2304010211,否,,,否,12,10,3,3
2304010212,否,,,否,12,10,1,1
2301020101,否,,,否,8,7,1,0
2301020102,否,,,否,7,6,0,0
2301020103,是,1,,否,1,0,3,0
2301020104,是,1,,否,1,0,2,0
2301020105,否,,,否,5,5,1,1
2301020106,否,,,否,7,6,1,1
2301020107,否,,,否,1,0,1,1
2301020108,否,,,否,1,0,3,2
2301020109,否,,,否,1,0,1,0
2301020110,否,,,否,1,0,0,0
2301020111,否,,,否,1,0,0,0
2301020112,否,,,否,1,0,0,0
2304010101,否,,,否,7,6,0,0
2304010102,是,1,,否,8,6,2,2
2304010103,否,,,否,5,5,.,.
2304010104,是,1,,否,2,0,4,0
2304010105,是,1,,否,2,0,2,0
2304010106,否,,,否,0,0,0,0
2304010107,否,,,否,2,0,0,0
2304010108,是,1,,否,7,5,4,3
2304010109,否,,,否,0,0,2,0
2304010110,是,1,,否,1,0,0,0
2304010111,是,1,,否,2,0,1,1
2304010112,否,,,否,9,9,0,0
2301030101,否,,,否,7,7,0,0
2301030102,否,,,是,1,0,0,0
2301030103,否,,,,0,0,0,0
2301030104,否,,,否,5,5,3,3
2301030105,否,,,否,5,5,0,0
2301030106,否,,,否,5,5,1,1
2301030107,否,,,否,.,.,.,.
2301030108,否,,,否,1,0,3,3
2301030109,否,,,否,1,0,1,0
2301030110,否,,,否,1,0,2,2
2301030111,否,,,否,0,0,0,0
2301030112,否,,,否,0,0,0,0
2301030113,否,,,否,8,7,1,1
2305030201,否,,,否,10,10,2,2
2305030202,否,,,否,8,8,1,1
2305030203,否,,,否,7,7,2,2
2305030204,否,,,否,6,5,1,1
2305030205,否,,,否,11,10,0,0
2305030206,否,,,否,8,8,1,1
2305030207,否,,,否,6,4,1,1
2305030208,否,,,否,8,8,3,3
2305030209,否,,,否,11,11,3,3
2305030210,否,,,否,6,5,1,1
2305030211,否,,,否,13,13,2,0
2305030212,否,,,否,11,10,0,0
2303010101,否,,,否,1,0,2,2
2303010102,否,,,否,2,1,0,0
2303010103,否,,,否,1,0,2,0
2303010104,否,,,否,2,0,1,1
2303010105,否,,,否,1,0,0,0
2303010106,否,,,否,1,0,1,0
2303010107,否,,,否,9,7,3,3
2303010108,否,,,否,0,0,.,.
2303010109,否,,,否,1,0,0,0
2303010110,否,,,否,7,6,0,0
2303010111,否,,,否,4,3,0,0
2303010112,否,,,否,5,4,1,1
2303010201,否,,,否,9,8,1,1
2303010202,否,,,否,9,8,0,0
2303010203,否,,,否,5,5,3,3
2303010204,否,,,否,2,0,1,1
2303010205,否,,,是,9,8,2,2
2303010206,否,,,否,6,5,0,0
2303010207,否,,,否,9,7,0,0
2303010208,否,,,否,6,4,1,0
2303010209,否,,,否,0,0,0,0
2303010210,否,,,否,10,10,.,.
2303010211,否,,,否,5,4,0,0
2303010212,是,2,,否,5,0,0,.
2302030101,是,,,否,8,7,0,0
2302030102,是,,,否,9,7,1,0
2302030103,否,,,否,9,7,2,1
2302030104,否,,,否,13,11,1,0
2302030105,否,,,否,1,0,0,0
2302030106,否,,,否,1,0,0,0
2302030107,是,1,,否,1,0,1,0
2302030108,否,,,否,1,0,0,0
2302030109,是,4,,否,2,0,2,1
2302030110,是,4,,否,1,0,3,3
2302030111,是,1,,否,1,0,4,3
2302030112,否,,,否,2,0,0,0
2303020201,否,,,否,4,3,0,0
2303020202,否,,,否,1,1,2,.
2303020203,否,,,否,8,7,1,1
2303020204,是,4,,否,9,8,3,3
2303020205,否,,,否,10,10,0,0
2303020206,否,,,否,7,5,0,0
2303020207,否,,,否,6,5,3,3
2303020208,否,,,否,10,8,2,2
2303020209,否,,,否,5,4,0,0
2303020210,否,,,否,6,4,3,3
2303020211,否,,,否,6,5,0,.
2303020212,否,,,否,.,.,0,0
2302030201,否,,,否,7,6,1,0
2302030202,否,,,否,7,7,0,0
2302030203,否,,,否,9,8,1,1
2302030204,否,,,否,6,5,1,0
2302030205,否,,,否,8,7,0,0
2302030206,否,,,否,7,6,1,1
2302030207,否,,,否,8,7,2,2
2302030208,否,,,否,5,4,1,1
2302030209,否,,,否,6,5,1,0
2302030210,否,,,否,6,5,0,0
2302030211,否,,,否,2,0,1,1
2302030212,否,,,否,9,7,1,1
2302020101,否,,,否,7,7,0,0
2302020102,是,1,,是,9,7,0,0
2302020103,否,,,否,6,6,1,0
2302020104,否,,,否,2,0,0,0
2302020105,否,,,否,4,3,1,0
2302020106,否,,,,0,0,0,0
2302020107,否,,,否,.,.,1,1
2302020108,否,,,否,.,.,2,2
2302020109,,,,,0,0,2,0
2302020110,否,,,否,2,0,1,1
2302020111,否,,,否,0,0,1,1
2302020112,否,,,是,2,0,1,0
2303020101,否,,,否,9,6,0,0
2303020102,否,,,否,8,6,0,0
2303020103,否,,,否,8,8,0,0
2303020104,否,,,否,.,.,2,2
2303020105,否,,,否,1,0,0,0
2303020106,否,,,否,2,0,0,0
2303020107,是,,,是,9,7,0,0
2303020108,是,,,是,8,7,1,1
2303020109,否,,,否,11,10,0,0
2303020110,否,,,否,0,0,0,0
2303020111,否,,,否,2,0,1,0
2303020112,是,1,,否,2,0,0,0
2301010101,否,,,否,9,9,3,3
2301010102,否,,,否,7,6,3,0
2301010103,否,,,否,8,7,2,2
2301010104,否,,,否,1,0,1,1
2301010105,否,,,否,2,0,1,1
2301010106,否,,,否,1,0,0,0
2301010107,否,,,否,5,5,0,0
2301010108,否,,,否,7,5,3,3
2301010109,否,,,否,.,.,.,.
2301010110,否,,,否,1,0,3,3
2301010111,否,,,否,1,0,3,1
2301010112,否,,,否,0,0,3,0
2303030201,否,,,否,9,8,1,1
2303030202,否,,,否,7,6,0,0
2303030203,否,,,否,6,6,0,0
2303030204,否,,,否,12,12,0,0
2303030205,否,,,否,12,12,2,2
2303030206,否,,,否,7,7,1,1
2303030207,否,,,否,2,1,0,0
2303030208,是,1,,否,7,6,3,3
2303030209,否,,,否,10,10,1,1
2303030210,否,,,否,9,8,0,0
2303030211,,,,,5,5,0,0
2303030212,是,1,,是,6,5,0,.
2302010201,否,,,否,8,6,1,1
2302010202,是,4,,是,9,7,4,3
2302010203,否,,,否,9,7,4,3
2302010204,否,,,否,7,5,1,1
2302010205,否,,,否,7,5,4,3
2302010206,否,,,否,6,5,5,3
2302010207,否,,,否,6,4,5,5
2302010208,否,,,否,7,5,3,2
2302010209,,,,,.,.,.,.
2302010210,否,,,否,7,6,1,0
2302010211,否,,,否,6,5,1,0
2302010212,否,,,否,2,0,0,0
2302020212,否,,,否,6,5,0,0
2302020211,否,,,否,0,0,0,0
2302020210,否,,,否,7,6,2,2
2302020209,否,,,否,7,6,0,0
2302020208,否,,,否,11,10,2,2
2302020207,否,,,否,7,5,1,0
2302020206,否,,,否,9,8,4,0
2302020205,是,9,种植合作社,否,8,7,0,0
2302020204,是,1,,否,10,8,3,3
2302020203,否,,,否,9,8,2,1
2302020202,是,4,,否,21,20,2,1
2302020201,否,,,否,7,7,1,1
2302010101,否,,,否,6,6,3,3
2302010102,否,,,否,8,7,2,1
2302010103,否,,,否,1,0,1,0
2302010104,否,,,否,2,0,1,0
2302010105,否,,,否,2,0,0,0
2302010106,否,,,否,4,1,2,0
2302010107,否,,,否,.,.,.,.
2302010108,否,,,否,.,.,.,.
2302010109,否,,,否,1,0,2,2
2302010110,否,,,否,2,0,1,0
2302010111,否,,,否,2,0,1,1
2302010112,否,,,否,1,0,2,1
6102020101,否,,,否,1,0,0,0
6102020102,否,,,否,2,0,2,2
6102020103,是,,,否,3,1,0,0
6102020104,是,4,,否,2,1,0,0
6102020105,否,,,否,1,0,0,0
6102020106,否,,,否,4,2,1,1
6102020107,是,4,,否,2,1,0,0
6102020108,否,,,9999.0,3,1,0,0
6102020109,否,,,否,8,5,1,1
6102020110,否,,,否,6,5,3,0
6102020111,否,,,否,8,6,1,1
6102020112,9999.0,,,否,3,1,0,0
6105030101,否,,,否,6,3,0,0
6105030102,否,,,否,1,0,0,0
6105030103,否,,,否,2,1,0,0
6105030104,否,,,否,2,2,0,0
6105030105,否,,,是,3,1,1,0
6105030106,否,,,否,3,0,0,0
6105030107,否,,,否,1,0,0,0
6105030108,否,,,否,0,0,0,0
6105030109,否,,,否,2,0,1,0
6105030110,否,,,是,3,0,0,0
6105030111,是,3,,否,3,0,0,0
6105030112,否,,,否,3,0,0,0
6103020201,否,,,否,6,3,2,1
6103020202,否,,,否,5,1,1,0
6103020203,否,,,否,5,2,2,0
6103020204,否,,,否,7,1,0,0
6103020205,否,,,否,5,3,2,1
6103020206,否,,,否,5,4,1,1
6103020207,否,,,否,10,5,2,1
6103020208,否,,,否,9,4,3,0
6103020209,否,,,否,1,1,0,0
6103020210,否,,,否,11,6,3,2
6103020211,否,,,否,6,5,1,0
6103020212,否,,,否,7,6,1,1
6103010101,是,2,,否,4,3,1,1
6103010102,否,,,否,1,1,0,0
6103010103,否,,,否,9,0,2,0
6103010104,否,,,否,4,4,2,1
6103010105,否,,,否,10,8,1,1
6103010106,否,,,否,11,6,2,1
6103010107,否,,,否,11,8,1,1
6103010108,否,,,否,10,3,0,0
6103010109,否,,,否,12,3,1,1
6103010110,否,,,否,12,4,2,1
6103010111,否,,,否,20,15,1,1
6103010112,否,,,否,5,5,1,1
6103030201,否,,,否,0,0,0,0
6103030202,否,,,否,0,0,0,0
6103030203,否,,,否,4,3,1,1
6103030204,否,,,否,.,.,0,0
6103030205,否,,,否,3,3,0,0
6103030206,否,,,否,6,6,0,0
6103030207,否,,,否,.,.,.,.
6103030208,否,,,否,8,4,1,1
6103030209,否,,,,2,1,1,1
6103030210,否,,,否,7,7,0,0
6103030211,否,,,否,7,4,0,0
6103030212,否,,,否,8,4,1,0
6103030101,否,,,否,4,3,1,0
6103030102,否,,,否,.,.,1,1
6103030103,否,,,否,5,4,0,0
6103030104,否,,,否,5,2,1,0
6103030105,否,,,否,16,10,4,2
6103030106,否,,,否,5,5,2,2
6103030107,否,,,否,11,6,2,0
6103030108,否,,,否,5,5,1,1
6103030109,否,,,否,5,0,1,.
6103030110,否,,,否,4,4,2,0
6103030111,否,,,,10,5,1,1
6103030112,否,,,否,0,0,1,1
6102020201,否,,,否,12,7,1,1
6102020202,否,,,否,15,10,1,1
6102020203,否,,,否,2,1,0,0
6102020204,否,,,否,4,4,0,0
6102020205,是,4,,否,2,2,1,1
6102020206,是,9999,,否,4,3,1,1
6102020207,否,,,否,0,0,0,0
6102020208,否,,,否,4,0,0,0
6102020209,是,,,否,9,9,1,1
6102020210,是,1,,否,14,10,0,0
6102020211,否,,,否,5,2,1,1
6102020212,否,,,否,7,3,1,1
6102010101,是,"1,2,4",,否,8,3,1,1
6102010102,否,,,否,3,2,1,1
6102010103,否,,,否,4,0,4,2
6102010104,否,,,否,8,3,2,2
6102010105,是,"1,2,4",,否,7,7,0,0
6102010106,是,"1,2,4",,否,6,6,0,0
6102010107,否,,,是,5,2,0,0
6102010108,否,,,否,4,3,0,0
6102010109,否,,,否,3,1,0,0
6102010110,是,"1,2,4",,否,7,5,0,0
6102010111,是,"1,4",,否,3,3,1,1
6102010112,否,,,否,6,6,0,0
6102010201,是,1,,否,8,5,1,1
6102010202,是,1,,否,11,8,0,0
6102010203,否,,,否,2,0,0,0
6102010204,否,,,否,3,0,1,1
6102010205,是,"1,2,3,4",,否,16,13,1,0
6102010206,否,,,否,12,7,1,0
6102010207,是,1,,否,3,2,1,1
6102010208,否,,,9999.0,4,3,1,1
6102010209,否,,,否,3,0,0,0
6102010210,否,,,否,3,1,0,0
6102010211,否,,,否,5,1,0,0
6102010212,否,,,否,3,1,0,0
6102030101,是,9,扶贫基金会合作社,否,0,0,0,0
6102030102,否,,,否,7,3,.,.
6102030103,9999.0,,,否,.,.,2,2
6102030104,否,,,否,6,2,3,2
6102030105,否,,,否,11,8,3,3
6102030106,否,,,否,14,12,2,2
6102030107,否,,,否,4,1,2,1
6102030108,是,,,否,7,4,0,0
6102030109,是,2,,否,7,3,2,1
6102030110,否,,,否,3,1,0,0
6102030111,否,,,否,3,0,0,0
6102030112,否,,,否,4,2,1,0
6102030201,否,,,否,11,7,2,1
6102030202,否,,,否,.,.,.,.
6102030203,否,,,否,8,5,3,2
6102030204,是,9999,,否,.,.,2,2
6102030205,否,,,否,10,6,3,2
6102030206,否,,,否,0,0,1,1
6102030207,否,,,否,6,4,2,2
6102030208,否,,,否,.,.,2,2
6102030209,否,,,否,0,0,0,0
6102030210,否,,,否,4,2,1,0
6102030211,否,,,否,4,3,3,2
6102030212,否,,,否,3,0,1,0
6104010101,否,,,否,1,0,0,0
6104010102,否,,,否,1,1,2,0
6104010103,否,,,否,1,0,0,0
6104010104,否,,,否,1,0,0,0
6104010105,否,,,否,1,0,0,0
6104010106,是,"1,4",,否,7,6,0,0
6104010107,否,,,否,2,1,0,0
6104010108,是,4,,否,1,0,0,0
6104010109,否,,,否,7,6,0,0
6104010110,是,2,,否,8,7,0,0
6104010111,否,,,否,2,1,0,0
6104010112,否,,,否,1,0,0,0
6104030101,否,,,否,5,4,0,0
6104030102,否,,,否,2,2,0,0
6104030103,否,,,否,0,0,0,0
6104030104,否,,,否,2,0,0,0
6104030105,否,,,否,1,0,0,0
6104030106,否,,,否,1,0,1,1
6104030107,否,,,否,5,3,0,0
6104030108,是,9,种植养殖合作社,否,8,3,0,0
6104030109,否,,,否,6,5,0,0
6104030110,否,,,否,8,5,0,0
6104030111,否,,,否,1,0,0,0
6104030112,否,,,否,2,1,0,0
6104030212,是,1,,否,1,0,0,0
6104030211,是,1,,否,2,0,0,0
6104030210,否,,,否,0,0,0,0
6104030209,是,4,,否,2,0,0,0
6104030208,否,,,否,6,3,0,0
6104030207,是,1,,否,1,0,0,0
6104030206,是,1,,否,1,0,0,0
6104030205,否,,,否,2,0,0,0
6104030204,否,,,否,2,0,0,0
6104030203,是,1,,否,3,2,0,0
6104030201,否,,,否,5,3,0,0
6104030202,否,,,否,1,0,0,0
6105030201,否,,,否,1,0,0,0
6105030202,否,,,否,6,2,0,0
6105030203,是,1,,否,3,0,0,0
6105030204,否,,,否,3,0,0,0
6105030205,是,2,,否,1,0,0,0
6105030206,否,,,否,0,0,0,0
6105030207,是,1,,否,0,0,0,0
6105030208,是,1,,否,0,0,0,0
6105030209,否,,,否,3,0,0,0
6105030210,否,,,否,2,0,0,0
6105030211,否,,,否,4,0,0,0
6105030212,是,1,,否,1,0,0,0
6105020201,否,,,否,7,5,0,0
6105020202,否,,,否,7,5,1,0
6105020203,否,,,否,3,1,0,0
6105020204,否,,,否,0,0,0,0
6105020205,否,,,否,1,0,0,0
6105020206,否,,,否,2,1,0,0
6105020207,否,,,否,3,0,0,0
6105020208,否,,,否,1,0,0,0
6105020209,否,,,否,4,0,0,0
6105020210,否,,,否,3,3,1,0
6105020211,否,,,否,3,0,0,0
6105020212,是,4,,否,3,0,0,0
4101030201,否,,,否,3,1,0,0
4101030202,否,,,否,2,0,2,1
4101030205,否,,,否,2,0,0,0
4101030203,否,,,否,3,0,0,0
4101030204,否,,,否,3,0,1,0
4101030206,否,,,否,3,1,1,1
4101030207,否,,,否,3,1,1,0
4101030208,是,2,,否,3,0,0,0
4101030209,否,,,否,3,0,0,0
4101030210,否,,,否,2,0,0,0
4101030211,否,,,否,2,0,0,0
4101030212,否,,,否,2,0,0,0
4101030213,否,,,否,2,0,0,0
4101010201,否,,,否,2,0,0,0
4101010202,是,1,,否,2,0,1,1
4101010203,否,,,否,2,0,1,0
4101010204,否,,,否,5,5,.,.
4101010205,否,,,否,7,5,1,1
4101010206,否,,,是,2,0,1,0
4101010207,否,,,否,2,0,0,0
4101010208,否,,,否,2,0,1,1
4101010209,否,,,否,2,0,1,1
4101010210,否,,,否,7,5,1,1
4101010211,否,,,否,1,0,0,0
4101010212,否,,,否,2,0,1,1
4101010213,否,,,否,2,0,0,0
4104020111,是,4,,否,1,0,1,0
4104020110,否,,,否,12,9,1,0
4104020109,否,,,否,3,1,2,1
4104020108,否,,,否,10,7,1,1
4104020107,否,,,否,5,0,0,0
4104020106,是,4,,否,5,0,0,0
4104020105,是,9,,否,3,0,0,0
4104020104,否,,,否,11,8,2,1
4104020103,否,,,否,5,2,3,2
4104020102,是,4,,否,3,0,2,0
4104020101,否,,,是,3,0,1,0
4102020101,是,4,,否,6,3,1,0
4102020102,否,,,否,3,0,0,0
4102020103,否,,,是,3,0,1,0
4102020104,是,2,,否,2,0,0,0
4102020105,否,,,否,4,0,1,1
4102020106,否,,,否,4,1,0,0
4102020107,否,,,否,6,4,0,0
4102020108,否,,,否,9,4,0,0
4102020109,否,,,否,3,0,0,0
4102020110,否,,,否,3,0,0,0
4102020111,否,,,否,4,0,0,0
4102020112,是,3,,否,2,0,0,0
4104010101,否,,,否,3,1,1,0
4104010102,否,,,否,0,0,0,0
4104010103,否,,,否,4,1,0,0
4104010104,否,,,否,0,0,0,0
4104010105,否,,,否,3,3,0,0
4104010106,否,,,否,7,6,1,1
4104010107,否,,,否,0,0,1,1
4104010108,否,,,否,2,0,0,0
4104010109,否,,,否,0,0,0,0
4104010110,否,,,否,2,0,1,1
4104010111,否,,,否,6,6,0,0
4104010112,是,1,,是,4,3,1,1
4104020201,否,,,否,2,0,1,0
4104020202,否,,,否,2,0,1,0
4104020203,否,,,否,7,5,2,2
4104020204,否,,,否,3,1,0,0
4104020205,否,,,否,6,3,2,2
4104020206,否,,,否,3,0,1,1
4104020207,否,,,否,2,0,1,0
4104020208,否,,,否,10,7,1,1
4104020209,否,,,否,.,.,4,4
4104020210,否,,,否,7,5,1,1
4104020211,否,,,否,12,10,1,0
4104020212,否,,,否,4,0,3,0
4104030212,是,1,,否,4,1,1,1
4104030211,是,1,,否,8,5,1,1
4104030210,是,4,,否,2,0,0,0
4104030209,是,1,,否,8,6,3,3
4104030208,是,4,,否,3,0,0,0
4104030207,否,,,否,1,0,0,0
4104030206,否,,,否,5,5,0,0
4104030205,否,,,否,2,0,1,1
4104030204,否,,,否,3,0,0,0
4104030203,是,2,,否,14,10,3,3
4104030202,否,,,否,10,7,1,1
4104030201,是,4,,否,3,0,1,0
4102010201,是,4,,否,3,0,1,0
4102010202,否,,,否,2,0,1,0
4102010203,否,,,否,0,0,0,0
4102010204,否,,,否,3,0,0,0
4102010205,否,,,否,4,0,0,0
4102010206,否,,,否,3,1,1,.
4102010207,否,,,否,3,3,0,0
4102010208,否,,,否,1,0,1,0
4102010209,否,,,否,2,0,0,0
4102010210,是,1,,否,3,0,0,0
4102010211,否,,,否,2,0,0,0
4102010212,否,,,否,2,0,0,0
4102010213,否,,,否,3,1,0,0
4104010201,否,,,否,1,0,0,0
4104010202,否,,,否,2,0,1,1
4104010203,是,9,苗莆种植合作社,否,15,0,1,1
4104010204,是,4,,否,6,1,3,3
4104010205,否,,,否,17,17,0,0
4104010206,是,4,,是,1,0,2,2
4104010207,否,,,否,7,6,1,1
4104010208,否,,,否,7,4,1,1
4104010209,否,,,否,8,6,2,2
4104010210,否,,,否,2,2,2,1
4104010211,否,,,否,0,0,1,1
4104010212,是,4,,否,5,4,1,1
4102010109,是,1,,否,1,0,0,0
4102010110,否,,,是,5,1,4,2
4102010111,否,,,否,9,5,0,0
4102010112,否,,,否,4,0,0,0
4102010101,否,,,否,2,2,0,0
4102010102,否,,,是,3,1,1,0
4102010103,否,,,否,5,2,1,1
4102010104,是,2,,否,7,2,0,0
4102010105,否,,,否,3,0,1,0
4102010106,否,,,否,4,0,0,0
4102010107,是,1,,否,2,0,0,0
4102010108,否,,,否,2,0,0,0
4104030112,是,4,,否,7,4,1,1
4104030111,是,1,,否,0,0,0,0
4104030110,否,,,否,9,6,1,1
4104030109,是,2,,否,3,0,0,0
4104030108,否,,,否,11,7,1,1
4104030107,是,1,,否,6,5,1,1
4104030106,否,,,是,8,6,1,1
4104030105,否,,,是,3,0,0,0
4104030104,是,1,,否,15,12,1,1
4104030103,是,1,,否,2,0,0,0
4104030102,否,,,否,3,0,0,0
4104030101,否,,,否,3,0,1,1
4102030201,否,,,否,6,3,1,1
4102030202,否,,,否,3,0,1,0
4102030203,是,9,,是,3,2,1,0
4102030204,是,2,,否,6,0,0,0
4102030205,否,,,否,3,0,0,0
4102030206,是,3,,是,5,0,1,1
4102030207,是,2,,否,6,4,2,2
4102030208,是,3,,否,3,0,0,0
4102030209,是,4,,否,3,0,0,0
4102030210,否,,,否,9,4,1,1
4102030211,是,2,,否,5,0,0,0
4102030212,否,,,否,4,0,1,0
4102030101,是,4,,否,2,0,0,0
4102030102,是,1,,否,4,2,0,0
4102030103,否,,,否,2,0,1,0
4102030104,否,,,否,2,0,1,0
4102030105,是,1,,否,2,0,0,0
4102030106,是,1,,否,6,4,0,0
4102030107,否,,,否,4,1,0,0
4102030108,是,8,,否,2,0,0,0
4102030109,否,,,否,10,7,0,0
4102030110,否,,,否,3,0,0,0
4102030111,否,,,否,4,0,1,0
4102030112,是,1,,否,3,0,0,0
4102030113,是,2,,否,2,0,0,0
4101020201,否,,,否,0,0,0,0
4101020202,否,,,否,2,0,0,0
4101020203,否,,,否,2,0,0,0
4101020204,否,,,否,2,0,0,0
4101020205,否,,,否,2,0,0,0
4101020206,否,,,否,5,5,0,0
4101020207,否,,,否,2,0,0,0
4101020208,否,,,否,2,0,0,0
4101020209,否,,,否,2,0,0,0
4101020210,否,,,否,2,0,0,0
4101020211,否,,,否,15,13,1,0
4101020212,否,,,否,2,0,0,0
4102020212,否,,,否,5,0,0,0
4102020211,否,,,否,5,0,0,0
4102020210,否,,,否,6,0,0,0
4102020209,否,,,否,8,5,0,0
4102020208,否,,,否,4,0,0,0
4102020207,否,,,否,11,7,0,0
4102020206,否,,,否,5,0,0,0
4102020205,否,,,否,6,0,0,0
4102020204,否,,,否,2,0,0,0
4102020203,是,2,,否,5,0,0,0
4102020202,是,4,,是,5,2,0,0
4102020201,否,,,否,4,0,0,0
5204020101,是,1,,否,3,3,1,1
5204020102,否,,,否,6,4,3,2
5204020103,否,,,否,1,0,1,0
5204020104,否,,,否,0,0,1,1
5204020105,否,,,否,10,4,1,1
5204020106,否,,,否,3,3,2,2
5204020107,是,9,农业种植合作社,否,3,2,1,1
5204020108,否,,,否,6,4,1,0
5204020109,是,9,种植合作社,是,6,3,0,0
5204020110,否,,,否,2,1,2,2
5204020111,否,,,否,3,2,2,1
5204020112,是,1,,否,2,2,2,2
5204020113,是,1,,否,3,2,3,3
5204020114,是,1,,否,3,2,3,0
5203010201,否,,,否,6,4,2,1
5203010202,否,,,否,6,4,0,0
5203010203,否,,,否,5,5,0,0
5203010204,否,,,否,5,3,0,0
5203010205,否,,,否,3,3,2,0
5203010206,否,,,是,0,0,0,0
5203010207,否,,,否,4,2,3,1
5203010208,否,,,否,2,0,3,2
5203010209,否,,,否,3,2,0,0
5203010210,否,,,否,2,2,2,2
5203010211,否,,,否,0,0,0,0
5203020101,否,,,否,3,2,3,3
5203020102,否,,,否,2,0,1,0
5203020103,否,,,否,2,1,0,0
5203020104,否,,,否,4,1,2,0
5203020105,否,,,否,3,1,1,1
5203020106,否,,,否,3,3,0,0
5203020107,否,,,否,3,2,1,0
5203020108,否,,,否,4,3,1,1
5203020109,否,,,否,7,5,1,1
5203020110,否,,,否,3,1,1,0
5203020111,否,,,否,4,3,0,0
5203020112,否,,,否,5,4,1,1
5203020113,否,,,否,3,1,2,1
5203020114,否,,,否,2,0,2,0
5203020115,否,,,否,4,4,0,0
5205020201,否,,,否,10,7,3,2
5205020202,否,,,否,4,0,0,0
5205020203,否,,,否,0,0,0,0
5205020204,是,1,,否,3,0,2,1
5205020205,否,,,否,0,0,1,1
5205020206,否,,,否,1,1,4,3
5205020207,是,3,,否,2,2,0,0
5205020208,否,,,否,3,0,2,2
5205020209,否,,,是,10,10,1,1
5205020210,是,1,,否,1,0,1,0
5205020211,是,1,,否,0,0,0,0
5205020101,否,,,否,10,4,2,2
5205020102,否,,,否,7,6,2,2
5205020103,否,,,否,2,1,2,0
5205020104,否,,,否,2,0,1,1
5205020105,否,,,否,3,2,1,1
5205020106,否,,,否,8,0,1,1
5205020107,否,,,否,10,8,0,0
5205020108,是,,,否,7,6,1,0
5205020109,是,9,水果种植合作社,否,3,2,2,2
5205020110,是,"2,3",,否,5,0,0,0
5205020111,否,,,否,5,3,1,0
5205020112,否,,,否,2,2,2,2
5205020113,否,,,否,0,0,0,0
5205020114,否,,,否,4,0,1,1
5205020115,否,,,否,2,1,2,2
5205020116,否,,,否,0,0,0,0
5205020117,否,,,否,2,1,1,0
5205030201,是,,,否,2,1,2,2
5205030202,是,3,,否,1,1,2,2
5205030203,否,,,否,0,0,0,0
5205030204,否,,,否,1,0,2,2
5205030205,否,,,否,7,7,3,3
5205030206,否,,,否,9,8,2,2
5205030207,否,,,否,12,11,2,1
5205030208,否,,,否,3,2,1,1
5205030209,否,,,否,3,1,.,.
5205030210,否,,,否,0,0,0,0
5205030211,否,,,否,3,2,3,3
5205030212,否,,,否,2,1,2,2
5205030213,否,,,否,3,2,1,0
5204010101,否,,,否,3,2,2,2
5204010102,否,,,是,4,3,1,1
5204010103,是,1,,否,3,2,0,0
5204010104,是,9,养猪合作社,否,10,9,3,3
5204010105,否,,,否,3,2,1,1
5204010106,否,,,否,0,0,0,0
5204010107,否,,,否,5,4,2,2
5204010108,否,,,否,0,0,.,.
5204010109,否,,,否,0,0,0,0
5204010110,否,,,否,2,2,3,3
5204010111,否,,,否,2,0,3,3
5204030201,否,,,否,3,1,4,3
5204030202,否,,,否,3,1,2,2
5204030203,否,,,否,8,8,2,1
5204030204,是,1,,是,3,3,2,2
5204030205,是,1,,否,1,1,.,.
5204030206,是,9,,是,9,8,3,2
5204030207,否,,,否,10,9,2,2
5204030208,否,,,否,1,1,0,0
5204030209,是,1,,否,5,3,3,3
5204030210,否,,,否,3,2,2,2
5204030211,否,,,否,0,0,0,0
5204030212,否,,,否,10,8,2,2
5204030213,否,,,否,2,2,2,2
5204030101,否,,,否,1,0,2,2
5204030102,是,1,,否,2,2,1,1
5204030103,否,,,否,0,0,0,0
5204030104,否,,,否,4,4,1,1
5204030105,是,1,,否,2,1,0,0
5204030106,否,,,否,3,3,0,0
5204030107,是,9,大??蔬菜合作社,否,5,4,1,0
5204030108,是,9,扶贫合作社,否,5,3,3,1
5204030109,是,9,养殖合作社,否,3,3,1,1
5204030110,否,,,否,0,0,0,0
5204030111,否,,,否,6,5,3,3
5204030112,否,,,否,3,2,1,1
5204030113,否,,,否,5,3,1,1
5204030114,是,1,,否,2,1,2,2
5204030115,9999.0,,,否,2,2,2,2
5204010201,否,,,否,1,1,2,2
5204010202,是,1,,否,1,0,1,1
5204010203,否,,,否,0,0,0,0
5204010204,否,,,否,4,3,1,1
5204010205,否,,,否,4,3,0,0
5204010206,否,,,否,2,1,0,0
5204010207,否,,,否,4,4,1,1
5204010208,否,,,否,0,0,0,0
5204010209,否,,,否,3,2,3,3
5204010210,是,9999,,否,5,2,0,0
5204010211,否,,,否,5,5,0,0
5204010212,否,,,否,2,0,3,0
5204010213,否,,,否,1,0,1,1
5204010214,是,1,,否,1,0,0,0
5204010215,是,1,,否,1,0,1,1
5204020201,否,,,否,2,0,1,1
5204020202,是,1,,否,2,0,1,1
5204020203,是,1,,否,0,0,0,0
5204020204,是,1,,否,2,2,1,1
5204020205,是,1,,否,2,2,1,1
5204020206,否,,,否,3,3,1,1
5204020207,是,6,食用??农民合作社,否,2,2,4,4
5204020208,是,6,侗菇菌业,否,9,7,2,2
5204020209,否,,,否,0,0,0,0
5204020210,是,1,,否,3,1,1,1
5204020211,否,,,否,.,.,1,1
5204020212,否,,,否,5,3,0,0
5204020213,否,,,否,3,3,2,2
5204020214,否,,,否,4,4,0,0
5203010101,否,,,是,2,0,1,1
5203010102,是,2,,否,1,0,1,0
5203010103,否,,,否,1,0,3,3
5203010104,否,,,是,0,0,0,0
5203010105,否,,,否,4,0,2,1
5203010106,否,,,否,3,2,1,1
5203010107,否,,,否,3,2,1,0
5203010108,否,,,否,3,2,4,4
5203010109,否,,,否,3,2,4,3
5203010110,否,,,否,6,4,1,1
5203010111,否,,,否,4,3,3,3
5203010112,否,,,否,2,2,2,2
5203010113,否,,,否,4,3,3,3
5203010114,否,,,否,6,4,3,1
5203010115,否,,,否,6,5,2,2
5203010116,否,,,否,3,1,1,1
5203010117,否,,,否,3,0,2,2
5203010118,否,,,否,2,1,2,0
5203010119,否,,,否,2,2,0,0
5203030101,否,,,否,2,2,1,1
5203030102,否,,,否,3,0,1,1
5203030103,否,,,否,4,2,2,2
5203030104,否,,,否,3,3,2,0
5203030105,否,,,否,0,0,0,0
5203030106,否,,,否,5,2,0,0
5203030107,否,,,否,5,2,0,0
5203030108,否,,,否,.,.,1,1
5203030109,否,,,否,3,1,0,0
5203030110,否,,,否,3,0,0,0
5203030111,否,,,否,4,3,0,0
5203030112,否,,,否,5,4,0,0
5203030113,否,,,否,0,0,0,0
5203030114,否,,,否,2,0,0,0
5203030115,否,,,否,2,0,0,0
5202020101,否,,,否,3,2,2,2
5202020102,否,,,否,0,0,0,0
5202020103,否,,,否,3,0,1,1
5202020104,否,,,否,0,.,0,.
5202020105,是,9,,否,9,8,3,3
5202020106,是,9,,否,8,7,2,2
5202020107,否,,,否,2,0,2,0
5202020108,是,9,,否,0,0,0,0
5202020109,是,4,,是,5,1,2,2
5202020110,是,4,,否,0,.,0,.
5202020111,是,1,,否,2,0,1,0
5202020112,是,1,,否,0,.,0,.
5202020113,是,9,,否,0,0,1,1
5202020114,是,9,,否,2,1,2,2
5202020201,是,1,,,1,0,3,3
5202020202,是,1,,否,.,.,2,1
5202020203,是,3,,否,0,0,0,0
5202020204,是,1,,否,0,0,0,0
5202020205,否,,,否,6,6,2,1
5202020206,否,,,否,5,5,4,4
5202020207,否,,,否,1,0,0,0
5202020208,是,2,,否,0,.,0,0
5202020209,是,1,,否,0,0,4,1
5202020210,是,1,,否,0,0,4,4
5202020211,是,4,,否,0,.,1,0
5202020212,是,2,,否,0,0,1,0
5202020213,是,9,,否,0,0,1,0
5202020214,是,9,,否,1,0,2,0
5202010201,否,,,否,3,1,2,1
5202010202,否,,,否,3,2,0,0
5202010203,是,9,,否,0,0,0,0
5202010204,否,,,否,1,0,2,2
5202010205,否,,,否,1,0,1,1
5202010206,否,,,否,5,4,2,0
5202010207,是,9,,否,0,0,0,0
5202010208,是,3,,否,2,0,1,1
5202010209,否,,,否,0,0,0,0
5202010210,是,1,,否,3,0,3,1
5202010211,是,1,,否,1,0,2,2
5202010212,否,,,否,3,2,3,3
5202010213,否,,,否,3,2,3,0
5202030201,否,,,否,1,.,2,2
5202030202,否,,,否,1,1,0,0
5202030203,否,,,否,2,1,3,3
5202030204,否,,,否,2,1,2,1
5202030205,否,,,否,10,9,0,0
5202030206,否,,,否,7,6,0,0
5202030207,否,,,否,0,0,0,0
5202030208,是,5,,,2,0,1,0
5202030209,否,,,否,2,1,2,1
5202030210,是,9,,否,0,0,0,0
5202030211,是,9,,否,3,2,2,1
5202030212,否,,,否,2,1,2,0
5202030213,是,4,,否,5,3,2,2
5201030101,否,,,否,4,3,2,1
5201030102,否,,,否,3,2,4,3
5201030103,是,1,,否,6,1,1,1
5201030104,否,,,否,3,1,1,1
5201030105,否,,,否,2,0,2,2
5201030106,是,9,,否,7,6,0,0
5201030107,是,8,,否,7,7,1,1
5201030108,否,,,否,2,1,4,1
5201030109,是,1,,否,3,1,0,0
5201030110,是,1,,否,3,0,4,3
5201030111,是,1,,否,3,0,3,3
5201030112,否,,,否,0,0,0,0
5201030113,否,,,否,3,1,1,1
5201030114,是,1,,否,6,6,2,2
5201010201,否,,,否,3,2,0,0
5201010202,是,1,,否,0,0,0,0
5201010203,是,9,,否,2,0,0,0
5201010204,是,1,,否,0,0,0,0
5201010205,是,1,,否,0,0,0,0
5201010206,是,1,,否,0,0,0,0
5201010207,是,9,,否,0,0,0,0
5201010208,是,9,,否,0,0,0,0
5201010209,否,,,否,0,.,0,0
5201010210,是,9,,否,0,0,0,0
5201010211,是,9,,否,0,0,0,0
5201010212,是,1,,否,0,0,0,0
5201030201,是,3,,否,3,3,2,0
5201030202,是,,,否,3,3,0,0
5201030203,否,,,否,2,1,0,0
5201030204,否,,,否,4,1,2,1
5201030205,是,1,,否,2,0,2,2
5201030206,是,9,,否,8,7,0,0
5201030207,否,,,否,0,0,0,0
5201030208,是,1,,否,3,1,2,2
5201030209,是,1,,否,.,.,1,1
5201030210,是,1,,否,4,4,2,2
5201030211,是,1,,否,3,1,4,0
5201030212,是,1,,否,2,2,0,0
5201030213,否,,,否,2,1,2,2
5201030214,否,,,否,4,3,2,1
5205030101,否,,,否,3,2,0,0
5205030102,否,,,否,2,1,1,1
5205030103,是,2,,否,5,5,1,1
5205030104,是,2,,否,1,1,1,1
5205030105,否,,,否,9,9,0,0
5205030106,否,,,否,8,8,0,0
5205030107,否,,,否,0,0,0,0
5205030108,否,,,否,10,0,1,0
5205030109,否,,,否,7,7,3,3
5205030110,否,,,否,1,0,2,1
5205030111,否,,,否,3,1,2,1
5205030112,否,,,否,0,0,0,0
5205010101,否,,,否,1,1,0,0
5205010102,否,,,否,2,1,1,1
5205010103,否,,,否,0,0,1,0
5205010104,否,,,否,2,0,2,0
5205010105,否,,,否,6,5,.,.
5205010106,否,,,否,9,7,0,0
5205010107,否,,,否,0,0,0,0
5205010108,否,,,否,1,1,0,0
5205010109,否,,,否,7,5,0,0
5205010110,否,,,否,1,0,0,0
5205010111,否,,,否,1,0,0,0
5205010112,否,,,否,1,0,0,0
5205010201,否,,,否,2,2,2,1
5205010202,否,,,否,2,2,1,1
5205010203,否,,,否,2,2,0,0
5205010204,否,,,否,2,2,0,0
5205010205,否,,,否,10,9,1,1
5205010206,否,,,否,10,9,2,2
5205010207,否,,,否,5,3,2,2
5205010208,否,,,否,4,3,2,2
5205010209,否,,,否,3,2,2,2
5205010210,否,,,否,3,3,1,1
5205010211,否,,,否,6,6,1,1
5205010212,否,,,否,1,1,0,0
5205010213,否,,,否,3,1,1,0
5205010214,否,,,否,2,1,1,0
5201020201,是,1,,否,3,3,0,0
5201020202,是,1,,否,4,2,0,0
5201020203,否,,,否,1,0,1,1
5201020204,否,,,否,0,0,1,1
5201020205,否,,,否,8,8,2,2
5201020206,是,1,,否,8,7,1,1
5201020207,否,,,否,8,7,0,0
5201020208,否,,,否,4,0,3,1
5201020209,否,,,否,1,0,1,1
5201020210,否,,,否,2,1,1,1
5201020211,否,,,否,1,0,1,1
5201020212,否,,,否,2,0,2,1
5201020213,否,,,否,4,1,0,0
5201020214,否,,,否,0,0,3,0
5201020101,否,,,否,2,1,0,0
5201020102,否,,,否,0,0,0,0
5201020103,否,,,否,0,0,1,1
5201020104,否,,,否,0,0,1,1
5201020105,否,,,否,9,8,2,2
5201020106,否,,,否,7,7,0,0
5201020107,否,,,否,7,7,0,0
5201020108,否,,,否,0,0,0,0
5201020109,否,,,否,1,0,0,.
5201020110,否,,,否,2,1,1,0
5201020111,否,,,否,0,0,1,1
5201020112,否,,,否,1,1,0,.
5201020113,否,,,否,3,2,0,0
5201020114,否,,,否,3,2,1,1
5203030201,是,1,,否,1,0,0,0
5203030202,是,4,,否,1,0,3,0
5203030203,否,,,否,0,0,0,0
5203030204,否,,,否,2,2,0,0
5203030205,否,,,否,1,0,0,0
5203030206,否,,,是,8,4,2,2
5203030207,否,,,否,3,2,1,0
5203030208,否,,,否,6,3,2,2
5203030209,否,,,否,3,1,1,1
5203030210,否,,,是,3,1,3,0
5203030211,是,1,,否,3,1,0,0
5203020201,否,,,否,0,0,0,0
5203020202,是,1,,否,4,3,0,0
5203020203,否,,,否,1,0,0,0
5203020204,否,,,否,1,0,1,1
5203020205,否,,,否,1,0,0,0
5203020206,是,9,社区合作社,否,2,1,0,0
5203020207,否,,,是,7,6,0,0
5203020208,是,,,是,5,4,0,0
5203020209,否,,,是,1,0,0,0
5203020210,否,,,否,3,2,2,2
5203020211,否,,,否,2,1,0,0
5203020212,否,,,否,1,0,0,0
5203020213,否,,,否,1,0,0,0
5203020214,否,,,是,1,0,0,0
5203020215,否,,,否,2,0,0,0
5203020216,是,1,,否,1,0,0,0
5203020217,否,,,否,2,1,1,1
5203020218,否,,,否,1,0,0,0
5203020219,否,,,否,2,1,0,0
5202010101,否,,,否,1,0,2,0
5202010102,否,,,否,1,0,3,2
5202010103,否,,,否,0,0,2,2
5202010104,否,,,否,0,.,0,0
5202010105,否,,,否,1,1,0,0
5202010106,是,9,,否,0,0,0,0
5202010107,是,9,,否,7,6,2,0
5202010108,否,,,否,0,0,0,0
5202010109,是,1,,否,3,3,3,1
5202010110,否,,,否,2,1,1,1
5202010111,是,1,,否,5,1,1,1
5202010112,否,,,否,2,2,2,1
5202010113,是,1,,否,3,1,2,1
5202010114,否,,,否,7,7,2,0
5202010115,是,9,,否,0,0,2,2
5202030101,否,,,否,0,0,1,0
5202030102,否,,,否,2,1,2,2
5202030103,否,,,否,1,0,3,2
5202030104,否,,,否,7,0,4,1
5202030105,否,,,否,5,0,2,0
5202030106,是,9,,否,0,0,1,1
5202030107,是,9,,否,8,7,2,2
5202030108,是,1,,否,6,5,2,0
5202030109,是,1,,否,6,0,3,2
5202030110,否,,,否,1,1,1,1
5202030111,否,,,否,2,1,1,1
5202030112,否,,,否,0,.,2,1
5202030113,是,9,,否,2,0,1,0
5202030114,否,,,否,7,7,0,0
5201010101,是,"1,2",,否,2,1,1,1
5201010102,是,1,,否,1,0,1,1
5201010103,是,1,,否,1,1,0,.
5201010104,是,2,,否,0,0,0,0
5201010105,是,1,,否,4,2,0,0
5201010106,是,2,,否,3,1,3,2
5201010107,是,1,,否,9,7,1,0
5201010108,是,1,,否,10,9,2,1
5201010109,是,1,,否,10,7,2,1
5201010110,是,1,,否,4,3,3,0
5201010111,是,1,,否,3,1,2,0
5201010112,是,1,,否,3,1,2,0
5201010113,是,1,,否,2,1,1,1
5201010114,是,1,,否,10,9,1,1
6404030101,否,,,否,3,3,2,0
6404030102,否,,,否,5,4,1,0
6404030103,是,5,,否,4,1,2,0
6404030104,否,,,,.,.,2,0
6404030105,否,,,否,4,4,1,0
6404030106,否,,,否,4,0,2,0
6404030107,否,,,否,0,0,1,1
6404030108,否,,,否,2,1,2,1
6404030109,是,1,,否,3,2,2,0
6404030110,否,,,否,2,2,0,0
6404030111,否,,,否,3,0,2,0
6404030112,否,,,否,3,3,2,0
6404030201,否,,,否,3,0,1,0
6404030202,否,,,否,3,0,2,0
6404030203,否,,,否,5,2,1,0
6404030204,否,,,否,6,1,2,0
6404030205,是,9,肉牛养殖合作社,否,3,1,2,0
6404030206,是,9999,,否,4,1,2,0
6404030207,否,,,否,2,0,2,0
6404030208,是,2,,否,2,0,1,0
6404030209,否,,,否,6,0,1,0
6404030210,否,,,否,9,4,2,1
6404030211,否,,,否,6,1,2,1
6404030212,否,,,否,6,1,2,1
6403010101,否,,,否,2,0,3,1
6403010102,否,,,否,1,0,3,0
6403010103,否,,,否,2,0,2,0
6403010104,否,,,否,5,1,2,1
6403010105,否,,,否,4,1,3,3
6403010106,否,,,否,1,0,3,1
6403010107,否,,,是,4,0,2,0
6403010108,否,,,否,5,0,6,4
6403010109,否,,,否,2,0,2,2
6403010110,否,,,否,3,1,3,2
6403010111,否,,,否,1,0,1,1
6403010112,否,,,否,1,0,1,.
6403010113,否,,,否,1,0,1,1
6403010201,否,,,否,3,1,4,0
6403010202,否,,,否,2,1,2,2
6403010203,否,,,否,3,1,2,2
6403010204,否,,,否,1,0,3,1
6403010205,否,,,否,3,2,2,1
6403010206,否,,,否,4,1,3,1
6403010207,否,,,否,6,4,2,0
6403010208,否,,,否,4,0,3,2
6403010209,否,,,否,0,0,2,1
6403010210,否,,,否,0,0,1,1
6403010211,否,,,否,2,1,3,1
6403010212,是,1,,否,1,0,4,2
6403010213,否,,,否,3,3,2,1
6403020101,否,,,,0,.,0,.
6403020102,否,,,否,.,.,1,0
6403020103,否,,,否,0,.,2,1
6403020104,,,,,0,0,0,0
6403020105,否,,,否,0,0,0,0
6403020106,,,,,0,0,0,0
6403020107,否,,,否,0,0,1,0
6403020108,否,,,否,0,0,.,.
6403020109,否,,,否,0,0,1,1
6403020110,否,,,否,0,0,1,1
6403020111,否,,,否,0,0,1,1
6403020112,否,,,否,0,0,1,1
6403020201,否,,,否,2,2,4,2
6403020202,否,,,否,1,0,2,0
6403020203,否,,,否,1,1,1,0
6403020204,是,4,,否,2,0,2,0
6403020205,否,,,否,1,0,3,1
6403020206,否,,,否,2,2,1,0
6403020207,否,,,否,3,3,3,2
6403020208,是,9,接水灌溉合作社,否,1,1,3,1
6403020209,是,4,,否,4,2,3,0
6403020210,是,4,,否,2,0,2,2
6403020211,否,,,否,2,1,3,1
6403020212,否,,,否,1,1,2,0
6403030201,否,,,否,1,0,2,0
6403030202,否,,,否,2,2,3,2
6403030203,是,1,,否,.,.,1,0
6403030204,否,,,否,.,.,2,2
6403030205,否,,,是,.,.,2,1
6403030206,否,,,否,1,0,2,1
6403030207,否,,,否,.,.,.,.
6403030208,是,9999,,否,0,0,3,2
6403030209,否,,,否,1,0,2,2
6403030210,否,,,否,1,0,1,0
6403030211,否,,,否,6,6,0,.
6403030212,否,,,否,1,0,1,1
6403030213,否,,,否,1,0,2,1
6403030101,否,,,否,1,0,2,2
6403030102,否,,,否,.,.,.,.
6403030103,是,4,,否,2,0,2,1
6403030104,否,,,否,.,.,3,1
6403030105,否,,,否,2,0,3,0
6403030106,否,,,否,2,0,3,0
6403030107,是,2,,否,2,0,3,2
6403030108,是,2,,否,2,0,2,1
6403030109,否,,,否,1,0,3,3
6403030110,是,4,,否,1,0,2,1
6403030111,是,4,,否,2,2,3,0
6403030112,否,,,否,1,1,2,0
6402010101,,,,,.,.,.,.
6402010102,否,,,否,1,0,1,0
6402010103,否,,,是,2,1,3,0
6402010104,,,,,.,.,.,.
6402010105,否,,,否,2,0,0,0
6402010106,否,,,是,3,0,0,0
6402010107,是,3,,否,1,0,2,0
6402010108,否,,,否,.,.,1,0
6402010109,是,2,,否,.,.,.,.
6402010110,否,,,否,1,0,0,0
6402010111,,,,,.,.,2,2
6402010112,,,,,.,.,1,0
6402010201,是,1,,否,.,.,0,0
6402010202,否,,,否,3,1,2,2
6402010203,否,,,否,2,0,1,1
6402010204,否,,,否,4,0,1,1
6402010205,否,,,否,5,0,1,1
6402010206,否,,,否,0,0,2,1
6402010207,否,,,否,2,0,2,1
6402010208,否,,,否,.,.,0,0
6402010209,否,,,否,4,0,1,0
6402010210,,,,,.,.,2,2
6402010211,否,,,否,2,0,2,1
6402010212,否,,,否,.,.,2,0
6402020101,否,,,否,2,1,10,0
6402020102,否,,,否,1,1,1,0
6402020103,否,,,否,2,0,2,0
6402020104,否,,,否,2,0,2,0
6402020105,否,,,否,2,1,4,3
6402020106,否,,,否,0,0,0,0
6402020107,否,,,否,2,1,3,1
6402020108,否,,,否,2,1,0,0
6402020109,否,,,否,3,0,1,0
6402020110,否,,,否,1,0,1,1
6402020111,否,,,否,3,0,3,1
6402020112,否,,,否,3,2,4,1
6402020113,否,,,否,2,1,2,0
6402020201,否,,,是,2,0,1,0
6402020202,否,,,否,2,0,3,1
6402020203,否,,,否,2,0,3,1
6402020204,否,,,否,1,0,1,0
6402020205,否,,,否,0,0,1,0
6402020206,否,,,否,3,0,2,1
6402020207,是,4,,否,3,1,3,1
6402020208,否,,,否,2,1,3,1
6402020209,否,,,否,1,0,1,0
6402020210,否,,,否,3,0,2,1
6402020211,是,2,,否,3,0,1,0
6402020212,否,,,否,2,1,3,1
6402030101,否,,,否,5,0,2,1
6402030102,否,,,否,2,1,1,0
6402030103,是,1,,否,1,0,0,0
6402030104,否,,,否,0,0,1,0
6402030105,否,,,否,1,0,3,0
6402030106,否,,,否,0,0,0,0
6402030107,否,,,否,3,0,2,0
6402030108,否,,,否,0,0,0,0
6402030109,,,,,.,.,.,.
6402030110,否,,,否,2,1,2,1
6402030111,否,,,否,2,1,1,0
6402030112,是,1,,否,0,0,2,2
6402030113,否,,,否,.,.,.,.
6402030201,否,,,否,3,0,1,1
6402030202,是,1,,否,1,0,1,0
6402030203,否,,,否,2,0,2,0
6402030204,是,1,,否,4,2,4,2
6402030205,是,1,,否,1,0,1,1
6402030206,否,,,否,3,0,1,0
6402030207,否,,,是,4,0,5,0
6402030208,否,,,否,3,0,.,.
6402030209,否,,,否,2,2,1,0
6402030210,否,,,否,3,1,2,1
6402030211,是,1,,是,2,0,0,0
6402030212,是,1,,否,3,0,2,1
6404010101,否,,,否,1,0,1,0
6404010102,否,,,否,1,0,1,1
6404010103,是,1,,否,5,0,0,0
6404010104,否,,,否,0,.,0,.
6404010105,否,,,否,.,.,0,0
6404010106,否,,,否,1,0,0,.
6404010107,否,,,否,1,0,0,0
6404010108,否,,,否,2,0,0,0
6404010109,否,,,否,2,1,0,0
6404010110,否,,,否,2,.,1,0
6404010111,否,,,否,1,0,1,0
6404010112,否,,,否,1,.,1,0
6404010201,否,,,否,1,1,1,0
6404010202,否,,,否,1,0,1,0
6404010203,否,,,否,1,0,0,0
6404010204,,,,,.,.,.,.
6404010205,否,,,否,6,5,0,0
6404010206,否,,,否,2,1,1,0
6404010207,否,,,否,2,2,1,0
6404010208,否,,,否,1,0,2,0
6404010209,是,4,,否,1,0,2,0
6404010210,否,,,否,1,0,0,0
6404010211,否,,,否,.,.,.,.
6404010212,否,,,否,1,0,3,1
6404020101,否,,,否,5,2,1,0
6404020102,否,,,否,1,1,0,0
6404020103,否,,,否,2,0,1,0
6404020104,否,,,否,1,0,1,0
6404020105,否,,,否,3,1,2,0
6404020106,否,,,否,5,3,1,0
6404020107,否,,,否,3,0,1,0
6404020108,否,,,否,3,1,1,0
6404020109,否,,,否,3,0,1,0
6404020110,否,,,否,3,1,1,0
6404020111,是,1,,否,3,2,0,0
6404020112,否,,,否,3,2,0,0
6404020113,否,,,否,5,2,1,0
6404020201,否,,,否,1,1,0,0
6404020202,否,,,否,1,0,1,0
6404020203,否,,,否,1,0,1,0
6404020204,否,,,否,3,3,4,2
6404020205,9999.0,,,否,1,0,0,0
6404020206,否,,,否,1,1,2,0
6404020207,否,,,否,3,1,1,0
6404020208,否,,,否,5,0,3,1
6404020209,否,,,否,2,0,0,0
6404020210,否,,,否,1,0,0,0
6404020211,否,,,否,3,1,1,0
6404020212,否,,,否,0,0,1,0
6404020213,否,,,否,1,.,0,0
6404020214,否,,,否,0,0,.,.
6401010301,是,1,,否,.,.,0,0
6401010302,否,,,否,2,0,2,2
6401010303,否,,,否,1,1,0,0
6401010304,否,,,否,3,1,1,1
6401010305,否,,,否,.,.,.,.
6401010306,是,3,,否,2,0,2,2
6401010307,是,3,,否,.,.,0,0
6401010308,否,,,否,.,.,.,.
6401010309,否,,,否,.,.,.,.
6401010310,否,,,否,5,2,2,1
6401010311,否,,,否,2,1,2,0
6401010312,否,,,否,2,0,1,0
6401020101,是,3,,否,0,0,0,0
6401020102,是,3,,否,0,0,0,0
6401020103,,,,否,0,0,0,0
6401020104,是,3,,否,.,.,.,.
6401020105,是,3,,否,0,0,0,0
6401020106,是,3,,否,0,0,1,0
6401020107,否,,,否,0,0,0,0
6401020108,否,,,否,0,0,0,0
6401020109,否,,,否,0,.,0,0
6401020110,是,2,,否,0,0,0,0
6401020111,是,3,,否,0,0,0,0
6401020112,否,,,否,0,0,0,0
6401020201,否,,,否,4,4,0,0
6401020202,否,,,否,1,0,4,1
6401020203,否,,,否,3,3,1,0
6401020204,否,,,,.,.,.,.
6401020205,,,,,.,.,.,.
6401020206,否,,,,3,0,1,0
6401020207,,,,,0,0,0,0
6401020208,否,,,否,6,0,0,0
6401020209,,,,,0,0,2,0
6401020210,否,,,否,2,0,0,0
6401020211,,,,,.,.,1,0
6401020212,否,,,否,2,1,1,0
6401010401,否,,,否,.,.,0,0
6401010402,否,,,否,4,0,0,0
6401010403,否,,,否,3,0,0,0
6401010404,否,,,否,5,0,0,0
6401010405,否,,,否,2,2,.,.
6401010406,否,,,否,2,0,.,.
6401010407,否,,,否,3,0,.,.
6401010408,否,,,否,2,0,1,0
6401010409,,,,,.,.,.,.
6401010410,否,,,,.,.,.,.
6401010411,否,,,否,4,0,1,0
6401010412,是,4,,否,4,0,1,0
6401010201,是,1,,否,2,0,1,1
6401010202,是,1,,否,0,0,0,0
6401010203,否,,,否,0,0,0,0
6401010204,是,3,,否,0,1,0,.
6401010205,否,,,否,2,1,3,0
6401010206,是,1,,否,1,1,0,0
6401010207,否,,,否,2,2,1,0
6401010208,否,,,否,.,.,.,.
6401010209,否,,,否,4,0,3,3
6401010210,是,1,,否,6,0,1,0
6401010211,否,,,否,0,0,0,0
6401010212,否,,,否,0,0,1,0
6401010101,否,,,否,0,0,0,0
6401010102,,,,,.,.,.,.
6401010103,是,4,,否,.,.,.,.
6401010104,是,2,,否,2,0,1,0
6401010105,否,,,否,3,0,0,0
6401010106,否,,,否,1,1,0,.
6401010107,是,3,,否,0,0,0,0
6401010108,否,,,否,2,0,0,0
6401010109,,,,,.,.,.,.
6401010110,是,1,,否,2,2,.,.
6401010111,否,,,否,3,1,0,0
6401010112,否,,,否,3,0,0,0
6401030101,否,,,否,0,.,.,.
6401030102,否,,,否,7,2,1,1
6401030103,是,1,,否,0,0,0,0
6401030104,否,,,否,3,0,1,1
6401030105,否,,,否,0,0,0,0
6401030106,是,1,,否,2,0,0,0
6401030107,否,,,否,2,0,.,.
6401030108,,,,,.,.,.,.
6401030109,是,1,,否,2,0,0,.
6401030110,是,4,,否,0,0,0,0
6401030111,否,,,否,5,3,1,1
6401030112,否,,,否,5,0,2,0
6401030201,否,,,否,1,1,7,2
6401030202,否,,,否,5,5,1,1
6401030203,否,,,否,2,0,1,1
6401030204,否,,,否,5,5,2,1
6401030205,否,,,否,3,1,2,1
6401030206,否,,,否,0,0,0,0
6401030207,否,,,否,0,0,0,0
6401030208,否,,,否,0,0,1,1
6401030209,否,,,否,0,0,1,1
6401030210,否,,,否,3,0,1,1
6401030211,否,,,否,1,0,1,1
6401030212,否,,,否,0,0,0,0
6405030201,否,,,否,2,1,2,1
6405030202,是,6,,否,1,0,2,0
6405030203,否,,,否,1,0,2,0
6405030204,否,,,否,3,0,1,0
6405030205,否,,,否,1,0,2,0
6405030206,否,,,否,1,0,0,0
6405030207,否,,,否,2,0,1,0
6405030208,否,,,否,3,0,1,0
6405030209,否,,,否,2,1,2,0
6405030210,否,,,否,3,0,2,1
6405030211,,,,,0,0,0,0
6405030212,是,4,,否,3,0,2,0
6405030101,否,,,否,2,0,2,0
6405030102,否,,,否,1,0,1,0
6405030103,否,,,否,1,0,1,.
6405030104,否,,,否,3,0,1,0
6405030105,否,,,否,2,0,1,0
6405030106,否,,,否,1,0,0,0
6405030107,否,,,否,3,1,1,0
6405030108,否,,,否,4,1,2,0
6405030109,是,1,,否,4,1,3,.
6405030110,否,,,否,2,0,1,0
6405030111,否,,,否,2,1,1,0
6405030112,否,,,否,1,0,1,0
6405020201,否,,,否,3,3,2,0
6405020202,否,,,否,.,.,2,0
6405020203,否,,,否,2,2,2,1
6405020204,否,,,否,2,0,1,0
6405020205,否,,,否,1,0,1,1
6405020206,否,,,否,2,0,1,0
6405020207,否,,,否,.,.,3,2
6405020208,否,,,否,1,1,2,2
6405020209,否,,,否,2,2,3,2
6405020210,否,,,否,.,1,3,0
6405020211,否,,,否,3,2,2,0
6405020212,否,,,否,4,0,0,0
6405020101,否,,,否,2,0,1,0
6405020102,否,,,否,3,0,1,1
6405020103,否,,,否,3,1,2,1
6405020104,否,,,否,3,2,2,1
6405020105,否,,,否,5,5,4,2
6405020106,否,,,否,4,3,3,1
6405020107,否,,,否,3,1,0,0
6405020108,否,,,否,1,0,1,0
6405020109,否,,,否,2,0,2,1
6405020110,否,,,否,1,0,3,1
6405020111,否,,,否,2,2,1,1
6405020112,否,,,否,0,.,0,.
6405010201,否,,,否,1,0,3,0
6405010202,否,,,否,1,0,2,0
6405010203,否,,,否,1,0,1,0
6405010204,否,,,否,0,0,1,0
6405010205,否,,,否,2,1,1,0
6405010206,否,,,否,1,0,2,1
6405010207,否,,,否,5,3,2,0
6405010208,否,,,否,4,2,5,3
6405010209,否,,,否,2,0,3,0
6405010210,否,,,否,2,0,2,0
6405010211,否,,,否,1,0,2,0
6405010212,否,,,否,1,0,2,1
6405010213,否,,,否,1,0,2,0
6405010214,否,,,否,2,0,2,0
6405010101,否,,,否,1,0,1,0
6405010102,否,,,否,1,0,3,0
6405010103,是,1,,否,2,0,2,0
6405010104,否,,,否,0,0,0,0
6405010105,是,1,,否,1,0,2,0
6405010106,否,,,否,1,0,3,1
6405010107,否,,,否,4,2,1,0
6405010108,否,,,否,1,0,1,0
6405010109,是,1,,否,2,0,2,0
6405010110,否,,,否,1,0,1,0
6405010111,否,,,否,1,0,2,0
6405010112,否,,,否,1,0,2,0
6405010113,否,,,否,1,0,2,0
6405010114,否,,,否,2,1,2,0
3405030201,否,,,否,2,1,0,.
3405030202,否,,,,0,0,.,.
3405030203,否,,,否,1,0,2,1
3405030204,否,,,否,2,1,0,0
3405030205,否,,,,2,2,1,0
3405030206,是,9,,否,5,5,2,2
3405030207,否,,,否,2,1,1,1
3405030208,否,,,否,3,1,1,1
3405030209,否,,,否,2,0,2,1
3405030210,是,9,,否,0,0,.,.
3405030211,是,"6,9",种植合作社,否,2,0,0,0
3405030212,否,,,否,1,0,2,1
3405030101,否,,,否,.,.,2,1
3405030102,否,,,否,2,0,0,0
3405030103,否,,,否,3,0,1,1
3405030104,否,,,否,2,2,0,0
3405030105,否,,,是,2,0,0,0
3405030106,否,,,否,4,0,1,1
3405030107,是,1,,否,4,2,1,.
3405030108,否,,,否,1,0,1,0
3405030109,否,,,否,2,2,1,1
3405030110,否,,,否,1,0,0,.
3405030111,否,,,否,2,0,2,1
3405030112,否,,,否,1,0,1,1
3405010201,否,,,否,1,.,1,.
3405010202,否,,,否,4,3,1,1
3405010203,否,,,否,1,.,.,.
3405010204,是,1,,是,1,0,1,1
3405010205,否,,,否,1,1,0,0
3405010206,是,1,,否,2,2,0,0
3405010207,否,,,否,0,0,1,1
3405010208,是,1,,否,1,0,0,0
3405010209,否,,,否,1,0,1,1
3405010210,否,,,否,0,.,1,1
3405010211,否,,,否,0,0,.,.
3405010212,否,,,否,1,0,1,1
3405010101,否,,,否,1,0,.,.
3405010102,否,,,否,3,0,0,.
3405010103,否,,,否,6,5,0,0
3405010104,否,,,否,1,0,2,2
3405010105,否,,,否,0,0,0,0
3405010106,否,,,否,2,0,0,0
3405010107,是,9999,,9999.0,1,0,0,0
3405010108,否,,,否,2,0,0,0
3405010109,否,,,否,0,0,0,0
3405010110,否,,,否,1,0,0,0
3405010111,否,,,否,1,.,1,1
3405010112,否,,,否,1,0,0,.
3405020101,否,,,否,5,5,0,0
3405020102,否,,,否,.,.,1,0
3405020103,否,,,否,1,1,1,1
3405020104,否,,,否,5,5,1,1
3405020105,否,,,否,2,.,1,1
3405020106,是,1,,否,0,0,1,1
3405020107,否,,,否,1,0,0,0
3405020108,是,1,,否,1,0,0,.
3405020109,是,1,,否,3,3,1,1
3405020110,否,,,否,.,.,0,.
3405020111,否,,,否,0,0,0,0
3405020112,否,,,否,0,0,.,.
3405020201,否,,,否,2,0,1,0
3405020202,否,,,否,3,3,1,1
3405020203,否,,,否,3,2,1,1
3405020204,否,,,否,1,0,0,.
3405020205,否,,,否,2,1,1,1
3405020206,是,1,,否,3,0,1,1
3405020207,否,,,否,1,0,1,1
3405020208,是,1,,否,.,.,0,0
3405020209,否,,,否,0,0,1,1
3405020210,否,,,否,2,2,1,1
3405020211,否,,,否,2,1,2,1
3405020212,否,,,否,4,2,2,2
3404010201,否,,,否,1,0,0,.
3404010202,否,,,是,4,3,3,3
3404010203,否,,,否,1,0,0,0
3404010204,否,,,否,1,0,0,0
3404010205,否,,,否,1,0,0,0
3404010206,否,,,否,1,0,0,.
3404010207,是,2,,否,1,0,1,1
3404010208,否,,,否,.,.,0,.
3404010209,否,,,否,0,0,.,.
3404010210,是,"4,6",,否,1,0,0,0
3404010211,否,,,否,0,0,0,0
3404010212,否,,,否,1,0,2,0
3404010101,否,,,否,1,0,0,.
3404010102,是,1,,否,6,4,1,1
3404010103,否,,,否,.,.,1,1
3404010104,否,,,否,1,0,0,.
3404010105,否,,,否,0,0,1,0
3404010106,否,,,否,1,0,0,0
3404010107,否,,,否,1,.,0,.
3404010108,否,,,否,1,0,0,0
3404010109,否,,,否,.,.,.,.
3404010110,否,,,否,1,0,.,.
3404010111,否,,,否,2,0,0,0
3404010112,否,,,,1,0,0,0
3404030201,否,,,否,0,.,0,.
3404030202,否,,,否,9,8,0,0
3404030203,否,,,否,0,0,0,0
3404030204,否,,,否,1,.,0,0
3404030205,否,,,否,0,.,0,.
3404030206,否,,,否,0,0,0,.
3404030207,否,,,否,0,.,1,1
3404030208,是,3,,否,0,0,0,0
3404030209,否,,,否,0,0,.,.
3404030210,否,,,否,0,0,.,.
3404030211,否,,,否,2,2,2,1
3404030212,是,1,,,1,1,3,2
3404030101,是,1,,否,1,0,0,.
3404030102,否,,,否,1,0,0,0
3404030103,否,,,否,1,.,0,0
3404030104,否,,,否,.,.,0,.
3404030105,否,,,否,1,0,0,0
3404030106,否,,,否,1,.,0,.
3404030107,否,,,否,.,.,0,.
3404030108,否,,,否,0,0,0,0
3404030109,否,,,否,1,0,.,.
3404030110,否,,,是,1,0,0,0
3404030111,是,6,,否,0,0,0,0
3404030112,是,1,,,1,0,0,0
3404020101,否,,,否,2,1,2,0
3404020102,否,,,否,7,6,0,0
3404020103,否,,,否,1,0,1,1
3404020104,否,,,否,2,1,0,0
3404020105,否,,,否,0,0,.,.
3404020106,否,,,否,1,.,0,0
3404020107,否,,,否,1,.,1,.
3404020108,否,,,否,.,.,0,.
3404020109,否,,,否,3,3,1,1
3404020110,否,,,否,1,1,.,.
3404020111,否,,,否,0,0,0,0
3404020112,是,1,,否,1,1,1,0
3404020201,否,,,否,1,0,1,1
3404020202,否,,,否,10,9,1,1
3404020203,否,,,否,1,0,0,.
3404020204,否,,,否,3,3,0,0
3404020205,否,,,否,1,.,0,.
3404020206,否,,,否,.,.,0,.
3404020207,否,,,否,0,0,.,.
3404020208,否,,,否,0,0,0,0
3404020209,否,,,否,1,0,0,0
3404020210,是,9,,否,1,0,0,0
3404020211,否,,,否,0,0,2,0
3404020212,否,,,否,1,0,0,0
3401010201,是,6,,否,1,0,0,.
3401010202,否,,,否,2,0,0,0
3401010203,否,,,否,2,1,0,.
3401010204,是,1,,否,.,.,.,.
3401010205,否,,,否,3,0,0,0
3401010206,是,9,不知道,否,2,1,0,.
3401010207,否,,,否,12,12,0,.
3401010208,是,2,,否,3,3,0,0
3401010209,否,,,否,6,1,0,0
3401010210,否,,,否,0,.,0,.
3401010211,否,,,否,2,0,0,0
3401010212,,,,,.,.,.,.
3401010101,否,,,否,2,.,0,.
3401010102,是,9,养殖合作社,否,2,0,0,.
3401010103,是,3,,否,.,.,.,.
3401010104,,,,,.,.,.,.
3401010105,否,,,否,3,2,.,.
3401010106,否,,,否,2,0,0,0
3401010107,否,,,否,1,0,2,1
3401010108,否,,,否,2,0,0,0
3401010109,否,,,否,2,0,0,0
3401010110,否,,,否,1,.,0,0
3401010111,否,,,,4,0,1,1
3401010112,否,,,否,2,0,0,0
3401020201,否,,,否,0,0,0,0
3401020202,否,,,,.,.,1,0
3401020203,否,,,否,2,.,0,.
3401020204,是,9,种植合作社,是,2,0,2,1
3401020205,否,,,否,0,0,0,.
3401020206,否,,,否,2,0,0,0
3401020207,否,,,否,2,.,1,1
3401020208,否,,,否,0,0,0,.
3401020209,是,9,名义合作社,否,3,0,0,0
3401020210,,,,,.,.,.,.
3401020211,,,,,.,.,.,.
3401020212,否,,,否,2,0,0,0
3401020101,是,4,,是,2,0,.,.
3401020102,否,,,否,2,0,2,2
3401020103,是,4,,是,2,0,0,0
3401020104,是,3,,否,4,4,0,0
3401020105,否,,,否,2,2,0,0
3401020106,否,,,否,2,1,0,0
3401020107,否,,,,2,.,0,0
3401020108,否,,,否,0,.,0,.
3401020109,否,,,否,2,0,0,0
3401020110,否,,,否,0,0,0,0
3401020111,否,,,否,0,0,.,.
3401020112,否,,,否,0,0,.,.
3401030201,否,,,否,2,0,.,.
3401030202,,,,,.,.,.,.
3401030203,否,,,否,2,0,0,0
3401030204,是,1,,否,2,0,0,0
3401030205,否,,,否,2,0,0,.
3401030206,否,,,否,3,1,1,1
3401030207,,,,,.,.,.,.
3401030208,否,,,否,2,0,0,0
3401030209,否,,,否,2,0,0,0
3401030210,否,,,否,2,0,2,1
3401030211,否,,,,2,0,.,.
3401030212,否,,,否,2,0,1,1
3401030213,否,,,否,2,0,0,0
3401030101,否,,,否,3,0,.,.
3401030102,否,,,否,0,.,0,.
3401030103,否,,,否,3,0,.,.
3401030104,否,,,否,2,0,0,0
3401030105,是,8,种植合作社,否,2,0,1,0
3401030106,否,,,是,4,2,1,1
3401030107,否,,,否,2,0,0,0
3401030108,否,,,否,2,0,1,0
3401030109,否,,,否,2,0,3,3
3401030110,是,3,,是,3,0,0,.
3401030111,否,,,否,0,.,0,.
3401030112,否,,,否,3,0,0,.
3403030201,是,4,,否,2,2,1,1
3403030202,否,,,否,2,0,0,0
3403030203,否,,,否,2,0,1,1
3403030204,否,,,否,2,0,0,0
3403030205,是,4,,否,2,0,0,0
3403030206,是,1,,否,2,0,0,0
3403030207,是,1,,否,2,0,0,0
3403030208,否,,,否,2,0,1,1
3403030209,是,1,,否,.,.,0,.
3403030210,是,1,,否,3,1,.,1
3403030211,否,,,否,2,0,0,.
3403030212,否,,,否,2,0,0,0
3403030101,是,4,,否,2,2,0,0
3403030102,否,,,否,2,0,0,0
3403030103,否,,,否,2,0,0,0
3403030104,否,,,否,5,3,.,.
3403030105,否,,,否,2,0,0,0
3403030106,否,,,否,2,0,0,0
3403030107,是,4,,否,2,0,.,.
3403030108,否,,,否,2,.,1,1
3403030109,否,,,否,3,0,0,0
3403030110,否,,,否,4,0,1,0
3403030111,否,,,否,2,0,1,1
3403030112,否,,,否,3,0,2,2
3403020201,是,1,,否,2,0,0,0
3403020202,否,,,否,2,0,0,0
3403020203,否,,,否,2,.,0,0
3403020204,否,,,否,0,0,0,0
3403020205,否,,,否,.,.,.,.
3403020206,否,,,否,2,0,0,0
3403020207,否,,,否,2,0,1,0
3403020208,是,1,,是,2,0,1,1
3403020209,否,,,否,.,.,1,0
3403020210,否,,,否,2,0,0,0
3403020211,否,,,否,2,0,4,3
3403020212,否,,,否,2,0,1,1
3403020101,是,1,,否,2,0,1,1
3403020102,否,,,否,2,0,0,0
3403020103,否,,,否,2,0,0,0
3403020104,否,,,否,0,0,0,0
3403020105,是,9999,,否,2,0,.,.
3403020106,否,,,否,2,0,0,0
3403020107,否,,,否,.,.,0,0
3403020108,否,,,否,2,0,.,.
3403020109,否,,,否,2,1,2,2
3403020110,否,,,否,0,0,3,3
3403020111,否,,,否,.,.,0,.
3403020112,是,2,,是,2,0,0,0
3403010201,否,,,否,.,.,.,.
3403010202,否,,,否,0,0,0,0
3403010203,否,,,否,0,0,0,0
3403010204,,,,,.,.,.,.
3403010205,否,,,否,0,0,0,0
3403010206,否,,,否,1,1,0,.
3403010207,,,,,.,.,.,.
3403010208,否,,,否,0,0,0,0
3403010209,否,,,否,0,0,0,0
3403010210,否,,,否,.,.,0,.
3403010211,否,,,否,2,2,1,1
3403010212,否,,,否,2,1,0,0
3403010101,否,,,,.,.,.,.
3403010102,否,,,否,2,0,0,0
3403010103,否,,,否,2,0,0,0
3403010104,否,,,否,2,0,.,.
3403010105,否,,,否,1,0,0,.
3403010106,否,,,否,1,0,2,2
3403010107,否,,,否,3,0,0,.
3403010108,否,,,否,2,0,.,.
3403010109,是,1,,否,2,1,0,0
3403010110,否,,,否,2,0,0,0
3403010111,否,,,否,2,0,0,.
3403010112,否,,,否,2,0,0,0
3402010201,否,,,否,0,0,0,0
3402010202,否,,,否,0,.,0,.
3402010203,否,,,否,0,0,0,0
3402010204,否,,,否,0,.,0,.
3402010205,否,,,否,0,0,.,.
3402010206,否,,,否,0,0,0,0
3402010207,否,,,,3,3,.,.
3402010208,否,,,否,.,.,.,.
3402010209,否,,,否,0,0,0,0
3402010210,否,,,否,0,0,0,0
3402010211,否,,,否,0,0,0,0
3402010212,否,,,否,3,0,0,0
3402010101,否,,,否,0,0,0,0
3402010102,否,,,否,.,.,.,.
3402010103,否,,,否,.,.,0,.
3402010104,否,,,否,0,0,.,.
3402010105,否,,,否,0,0,0,0
3402010106,否,,,否,10,0,0,0
3402010107,否,,,是,7,0,0,0
3402010108,否,,,否,0,.,0,.
3402010109,否,,,否,0,.,0,.
3402010110,否,,,否,0,0,0,0
3402010111,否,,,否,20,0,0,0
3402010112,否,,,否,10,0,0,0
3402020201,,,,,.,.,.,.
3402020202,否,,,否,1,0,1,1
3402020203,否,,,否,.,.,0,0
3402020204,否,,,否,2,0,1,1
3402020205,否,,,否,3,1,1,1
3402020206,否,,,否,1,0,2,2
3402020207,否,,,否,1,1,1,1
3402020208,否,,,否,3,1,0,0
3402020209,是,9999,,是,2,1,2,2
3402020210,否,,,否,1,1,2,2
3402020211,否,,,否,3,1,3,3
3402020212,否,,,否,3,1,2,2
3402020101,否,,,否,2,.,0,.
3402020102,否,,,否,0,0,0,0
3402020103,否,,,否,2,2,1,1
3402020104,否,,,否,.,.,.,.
3402020105,否,,,否,2,0,1,1
3402020106,,,,,.,.,.,.
3402020107,否,,,否,.,.,.,.
3402020108,否,,,否,1,1,1,1
3402020109,否,,,否,2,0,0,0
3402020110,否,,,否,2,0,1,1
3402020111,否,,,否,2,0,1,1
3402020112,否,,,否,2,0,1,1
3402030201,否,,,否,0,0,0,0
3402030202,否,,,否,0,0,3,3
3402030203,,,,,.,.,.,.
3402030204,否,,,否,1,1,2,2
3402030205,否,,,否,1,0,.,.
3402030206,否,,,是,1,0,2,0
3402030207,否,,,否,.,.,.,.
3402030208,否,,,否,.,.,0,0
3402030209,否,,,是,2,0,3,.
3402030210,否,,,否,4,0,0,0
3402030211,是,3,,9999.0,1,1,0,0
3402030212,否,,,否,3,0,0,0
3402030101,否,,,是,1,1,1,1
3402030102,否,,,否,0,0,0,0
3402030103,否,,,否,2,2,0,0
3402030104,否,,,是,16,0,1,0
3402030105,否,,,否,1,0,0,0
3402030106,否,,,否,.,.,2,2
3402030107,否,,,否,5,0,0,0
3402030108,否,,,否,2,1,2,2
3402030109,否,,,否,1,0,.,.
3402030110,否,,,否,0,0,0,0
3402030111,否,,,否,3,1,2,2
3402030112,否,,,否,0,0,0,0
5105030301,否,,,否,0,0,1,0
5105030302,是,1,,否,1,1,1,1
5105030101,否,,,否,0,0,1,0
5105030102,否,,,否,0,0,0,0
5105030103,否,,,否,0,0,1,0
5105030104,否,,,否,0,0,1,0
5105030105,否,,,否,0,0,1,1
5105030201,是,2,,否,0,0,1,0
5105030202,否,,,否,0,0,2,0
5105030203,否,,,否,0,0,1,1
5105020201,否,,,否,2,2,2,1
5105020202,否,,,否,5,4,2,2
5105020203,否,,,否,1,0,1,1
5105020204,否,,,否,2,1,4,2
5105020205,是,4,,否,10,10,4,1
5105020206,否,,,否,3,3,3,0
5105020207,否,,,否,3,1,1,1
5105020208,否,,,否,2,1,2,1
5105020209,否,,,否,5,4,3,3
5105020210,否,,,否,3,1,2,0
5105020211,是,9,,否,1,1,3,2
5105020212,否,,,否,10,9,3,2
5105020101,否,,,否,4,0,2,1
5105020102,是,2,,否,4,4,2,1
5105020103,否,,,否,0,0,2,2
5105020104,否,,,否,2,0,5,1
5105020105,是,9,,否,2,0,3,1
5105020106,是,2,,否,7,5,4,0
5105020107,否,,,否,7,6,4,0
5105020108,否,,,否,8,7,3,0
5105020109,否,,,否,7,6,2,0
5105020110,否,,,否,3,1,2,1
5105020111,是,1,,否,5,5,3,2
5105020112,是,2,,否,4,4,3,1
5105010201,是,1,,否,4,1,2,1
5105010202,是,9,,否,3,2,2,1
5105010203,是,9,,否,2,2,2,1
5105010204,是,2,,否,0,0,2,1
5105010205,是,1,,否,5,5,3,1
5105010206,否,,,否,3,2,1,1
5105010207,是,1,,否,5,4,2,0
5105010208,是,1,,否,2,0,1,0
5105010209,是,2,,否,6,4,3,1
5105010210,是,2,,否,4,3,2,0
5105010211,否,,,否,3,3,2,0
5105010212,是,1,,否,2,2,3,1
5105010101,否,,,否,1,0,1,1
5105010102,否,,,否,4,4,4,0
5105010103,否,,,否,2,1,2,1
5105010104,否,,,否,1,1,2,1
5105010105,否,,,否,4,4,2,1
5105010106,否,,,否,2,2,3,0
5105010107,否,,,否,2,0,3,2
5105010108,否,,,否,1,0,2,1
5105010109,否,,,,3,2,2,2
5105010110,否,,,否,4,3,2,2
5105010111,否,,,否,2,0,1,1
5105010112,否,,,否,1,0,2,2
5104010101,否,,,否,1,0,1,1
5104010102,是,9,,否,2,2,1,1
5104010103,是,9,,否,6,3,2,0
5104010104,否,,,是,1,1,1,0
5104010105,是,2,,是,1,0,2,1
5104010106,是,"2,4",,否,2,0,1,1
5104010107,是,2,,否,10,10,4,1
5104010108,是,"2,3,4",,否,5,4,2,2
5104010109,是,9,,是,1,1,2,0
5104010110,否,,,否,3,3,1,1
5104010111,是,"2,3",,否,4,1,2,0
5104010112,否,,,否,3,2,2,2
5104010201,否,,,否,12,11,2,2
5104010202,否,,,否,6,5,1,1
5104010203,否,,,否,5,4,1,1
5104010204,否,,,否,5,1,2,1
5104010205,否,,,否,4,0,3,3
5104010206,否,,,否,1,0,1,1
5104010207,否,,,否,6,2,1,1
5104010208,否,,,否,.,.,.,.
5104010209,否,,,否,8,4,2,2
5104010210,否,,,否,7,6,1,1
5104010211,否,,,否,7,5,3,3
5104010212,否,,,否,3,2,3,2
5104020101,否,,,否,12,12,3,1
5104020102,否,,,否,9,9,0,0
5104020103,否,,,否,2,0,2,2
5104020104,否,,,否,7,7,0,0
5104020105,否,,,否,6,6,2,2
5104020106,否,,,否,5,5,1,1
5104020107,否,,,否,5,3,2,1
5104020108,否,,,否,0,0,0,0
5104020109,是,2,,否,0,0,1,1
5104020110,否,,,否,1,1,0,0
5104020111,否,,,否,2,2,0,0
5104020112,否,,,否,12,11,2,2
5104020201,否,,,否,8,8,0,0
5104020202,否,,,否,1,0,1,1
5104020203,否,,,否,4,4,1,1
5104020204,否,,,否,0,0,2,2
5104020205,否,,,否,7,7,3,3
5104020206,否,,,否,1,0,1,1
5104020207,否,,,否,7,7,2,2
5104020208,否,,,否,5,3,1,1
5104020209,否,,,否,4,1,2,2
5104020210,否,,,否,7,7,0,0
5104020211,否,,,否,0,0,0,0
5104020212,否,,,否,1,0,4,4
5104030101,否,,,否,4,1,1,0
5104030102,否,,,否,7,7,2,2
5104030103,否,,,否,9,6,2,1
5104030104,否,,,否,6,6,2,2
5104030105,否,,,否,3,2,2,2
5104030106,否,,,否,2,1,1,1
5104030107,否,,,否,7,6,1,1
5104030108,否,,,是,20,19,2,1
5104030109,否,,,否,1,0,1,1
5104030110,否,,,否,2,2,1,0
5104030111,否,,,否,7,4,1,1
5104030112,否,,,否,3,2,1,0
5104030201,否,,,否,1,0,2,2
5104030202,否,,,否,6,6,2,1
5104030203,否,,,否,2,0,2,2
5104030204,否,,,否,0,0,2,2
5104030205,否,,,否,6,5,0,0
5104030206,否,,,否,2,1,1,1
5104030207,否,,,否,0,0,0,0
5104030208,否,,,否,2,1,1,1
5104030209,否,,,否,1,0,2,2
5104030210,否,,,否,0,0,0,0
5104030211,否,,,否,2,1,0,0
5104030212,否,,,否,1,0,1,1
5102040101,否,,,否,5,4,2,2
5102040102,否,,,否,6,6,0,0
5102040103,否,,,否,3,0,3,3
5102040104,否,,,否,4,0,1,1
5102040105,是,1,,否,0,0,0,0
5102040106,否,,,否,0,0,0,0
5102040107,否,,,否,0,0,1,0
5102040108,否,,,否,0,0,0,0
5102040109,是,1,,否,7,7,2,2
5102040110,是,1,,否,2,2,0,0
5102040111,否,,,否,1,0,0,0
5102040112,否,,,否,6,6,0,0
5102040113,是,1,,否,8,8,0,0
5102040114,否,,,否,.,.,.,.
5102040115,是,2,,否,1,0,0,0
5102040201,是,1,,否,0,0,0,0
5102040202,是,3,,否,0,0,0,0
5102040203,是,3,,否,0,0,0,0
5102040204,是,3,,否,0,0,0,0
5102040205,是,7,,否,0,0,0,0
5102040206,是,3,,否,4,4,0,0
5102040207,是,9,粮经合作社 粮经,否,0,0,0,0
5102040208,是,3,,否,4,4,0,0
5102040209,是,1,,否,0,0,0,0
5102040210,否,,,否,0,0,1,1
5102040211,是,1,,否,0,0,0,0
5102040212,否,,,否,0,0,0,0
5102040213,是,1,,否,0,0,0,0
5102040214,否,,,否,0,0,0,0
5102030201,否,,,否,3,3,1,1
5102030202,否,,,否,0,0,.,.
5102030203,否,,,否,2,0,0,0
5102030204,否,,,否,0,0,0,0
5102030205,是,"2,4,6",,否,.,.,.,.
5102030206,是,1,,否,0,0,0,0
5102030207,是,1,,否,0,0,0,0
5102030208,否,,,否,0,0,1,1
5102030209,否,,,否,0,0,1,1
5102030210,是,1,,否,0,0,0,0
5102030211,否,,,否,0,0,0,0
5102030212,否,,,否,0,0,0,0
5102030213,否,,,否,0,0,0,0
5102030101,否,,,否,2,2,0,0
5102030102,否,,,否,5,4,1,1
5102030103,是,2,,是,0,0,0,0
5102030104,否,,,否,1,0,0,0
5102030105,否,,,否,0,0,1,1
5102030106,否,,,,4,3,0,0
5102030107,否,,,否,2,1,0,0
5102030108,是,1,,否,2,2,0,0
5102030109,否,,,否,10,10,0,0
5102030110,否,,,否,2,1,0,0
5102030111,否,,,否,0,0,0,0
5102030112,否,,,否,2,2,1,1
5102030113,否,,,否,1,0,0,0
5102030114,否,,,否,5,5,3,3
5102020201,否,,,否,2,2,1,1
5102020202,是,2,,否,4,4,0,0
5102020203,否,,,否,0,0,0,.
5102020204,否,,,否,0,0,3,3
5102020205,否,,,是,0,0,1,1
5102020206,是,2,,否,0,0,0,0
5102020207,否,,,否,0,0,1,1
5102020208,否,,,否,3,1,1,1
5102020209,否,,,否,0,0,0,0
5102020210,否,,,否,0,0,2,2
5102020211,否,,,否,0,0,0,0
5102020212,否,,,否,0,0,1,1
5102020213,否,,,否,2,1,2,2
5102020214,否,,,否,0,0,1,1
5102020101,否,,,否,0,0,0,0
5102020102,否,,,否,0,0,3,3
5102020103,否,,,否,10,10,1,1
5102020104,否,,,否,8,6,4,4
5102020105,否,,,是,0,0,0,0
5102020106,否,,,否,7,7,1,1
5102020107,否,,,否,4,4,0,0
5102020108,否,,,否,2,0,1,1
5102020109,否,,,否,8,7,1,1
5102020110,否,,,否,6,6,0,0
5102020111,否,,,否,2,0,0,0
5102020112,否,,,否,0,0,0,0
5102020113,是,1,,否,16,15,1,1
5102020114,否,,,否,0,0,0,0
5102010201,是,2,,否,2,0,1,1
5102010202,否,,,是,1,0,1,1
5102010203,是,"2,4",,否,7,6,0,0
5102010204,否,,,否,3,3,0,0
5102010205,否,,,否,2,2,1,1
5102010206,是,2,,否,2,1,2,2
5102010207,是,4,,否,1,0,0,0
5102010208,是,1,,否,2,1,1,1
5102010209,是,4,,否,5,5,0,0
5102010210,是,2,,否,2,1,2,2
5102010211,否,,,否,4,4,0,0
5102010212,是,2,,否,6,6,0,0
5102010213,是,"2,4",韭黄合作社,否,1,0,0,0
5102010214,是,2,,否,1,0,2,2
5102010215,是,2,,否,1,0,0,0
5102010101,否,,,否,0,0,2,0
5102010102,否,,,否,.,.,0,0
5102010103,是,"1,9",,否,2,0,1,1
5102010104,否,,,否,9,9,1,0
5102010105,否,,,否,2,2,0,0
5102010106,是,2,,否,3,2,1,1
5102010107,否,,,否,6,5,3,3
5102010108,否,,,否,2,2,0,.
5102010109,是,1,,否,2,1,2,0
5102010110,是,4,,否,2,1,1,1
5102010111,否,,,否,1,0,3,3
5102010112,否,,,否,5,0,0,0
5102010113,否,,,否,0,0,2,2
5102010114,是,"1,2",,否,2,1,0,0
5102010115,否,,,否,3,3,0,0
5102010116,否,,,否,12,12,3,3
5102010117,否,,,否,.,.,.,.
5102010118,否,,,否,8,6,1,1
5103030201,否,,,否,2,1,2,0
5103030202,否,,,否,4,1,1,0
5103030203,否,,,否,6,1,3,0
5103030204,否,,,否,1,1,3,1
5103030205,否,,,否,5,5,2,1
5103030206,否,,,否,4,0,1,0
5103030207,否,,,否,8,6,3,1
5103030208,否,,,否,4,4,1,1
5103030209,否,,,否,5,5,3,2
5103030210,否,,,否,4,1,1,1
5103030211,否,,,否,2,2,0,0
5103030212,否,,,否,4,1,2,1
5103030213,否,,,否,4,4,2,0
5103030214,否,,,否,10,10,1,1
5103030101,否,,,否,3,2,1,1
5103030102,否,,,否,5,4,1,1
5103030103,否,,,否,0,0,1,0
5103030104,否,,,否,2,2,1,1
5103030105,否,,,否,0,0,0,0
5103030106,否,,,否,5,3,4,4
5103030107,否,,,否,5,5,0,0
5103030108,是,9,枣子合作社,否,0,0,0,0
5103030109,否,,,否,0,0,2,2
5103030110,否,,,否,4,4,1,1
5103030111,是,9,米枣专业合作社,否,1,0,0,.
5103030112,否,,,否,3,3,3,3
5103020201,否,,,否,5,5,3,2
5103020202,否,,,否,5,5,3,2
5103020203,否,,,否,4,4,1,1
5103020204,否,,,否,4,3,4,1
5103020205,否,,,否,7,7,1,1
5103020206,否,,,否,5,0,4,2
5103020207,否,,,否,6,3,0,0
5103020208,否,,,否,4,4,0,0
5103020209,否,,,否,2,2,3,2
5103020210,否,,,否,8,1,2,1
5103020211,否,,,否,6,6,4,2
5103020212,否,,,否,5,4,2,1
5103020213,否,,,否,3,1,3,3
5103020214,否,,,否,7,4,4,4
5103020101,否,,,是,4,4,4,3
5103020102,否,,,否,2,2,3,2
5103020103,否,,,否,4,4,1,1
5103020104,否,,,否,6,6,2,0
5103020105,否,,,否,9,6,3,2
5103020106,否,,,否,4,4,3,3
5103020107,否,,,否,3,1,1,1
5103020108,否,,,否,0,0,0,0
5103020109,否,,,否,6,6,4,3
5103020110,否,,,否,6,5,3,1
5103020111,否,,,否,4,4,2,1
5103020112,是,2,,否,6,6,3,3
5103010201,否,,,否,3,3,0,0
5103010202,否,,,否,5,4,2,2
5103010203,否,,,否,6,4,2,2
5103010204,否,,,否,3,2,0,0
5103010205,否,,,否,4,0,2,1
5103010206,否,,,否,2,0,2,1
5103010207,否,,,否,5,5,0,0
5103010208,否,,,否,6,6,5,3
5103010209,否,,,否,4,4,0,0
5103010210,否,,,否,5,0,3,3
5103010211,否,,,否,4,0,2,2
5103010212,否,,,否,4,4,0,0
5103010213,否,,,否,13,13,3,3
5103010214,是,3,,否,10,10,1,0
5103010101,否,,,否,3,3,1,1
5103010102,否,,,否,5,4,0,0
5103010103,否,,,否,4,4,2,1
5103010104,是,5,,否,2,0,1,1
5103010105,否,,,否,4,4,3,2
5103010106,是,1,,否,4,0,1,0
5103010107,否,,,否,4,4,3,2
5103010108,是,3,,否,3,2,3,2
5103010109,否,,,否,4,3,1,0
5103010110,9999.0,,,否,2,2,2,3
5103010111,是,5,,否,8,6,2,2
5103010112,否,,,否,3,3,2,2
5103010113,否,,,否,3,3,1,1
5103010114,否,,,否,4,2,1,0
5101010101,否,,,否,.,.,.,.
5101010102,否,,,否,1,0,2,2
5101010103,否,,,否,1,0,0,0
5101010104,是,2,,否,.,.,2,2
5101010105,是,2,,否,4,1,2,2
5101010106,否,,,否,1,0,1,0
5101010107,否,,,否,0,0,0,0
5101010108,否,,,否,6,5,3,2
5101010109,是,1,,否,.,.,1,1
5101010110,否,,,否,2,1,1,1
5101010111,否,,,否,.,.,2,2
5101010112,否,,,否,1,0,2,2
5101010201,否,,,否,8,7,2,2
5101010202,否,,,否,4,4,1,0
5101010203,是,,,否,3,2,2,2
5101010204,否,,,否,1,0,0,0
5101010205,否,,,否,3,2,1,1
5101010206,否,,,否,4,4,2,1
5101010207,否,,,否,2,1,2,1
5101010208,否,,,否,.,.,2,1
5101010209,否,,,否,0,0,0,0
5101010210,否,,,否,4,2,2,0
5101010211,否,,,否,9,4,2,2
5101010212,否,,,否,4,0,3,1
5101020101,否,,,否,0,0,1,1
5101020102,否,,,否,3,2,3,0
5101020103,是,2,,否,2,2,2,1
5101020104,否,,,否,2,0,3,1
5101020105,是,1,,否,3,2,0,0
5101020106,否,,,否,8,0,5,0
5101020107,否,,,否,4,3,3,1
5101020108,否,,,否,2,2,2,0
5101020109,否,,,否,2,0,1,1
5101020110,否,,,否,3,3,3,0
5101020111,否,,,否,6,2,3,0
5101020112,否,,,否,.,.,1,.
5101020201,否,,,否,9,5,3,1
5101020202,否,,,否,3,3,2,1
5101020203,否,,,否,6,0,2,1
5101020204,否,,,否,1,0,0,0
5101020205,是,1,,否,6,1,2,.
5101020206,否,,,否,8,5,2,1
5101020207,是,1,,否,4,3,3,1
5101020208,是,,,否,.,.,2,1
5101020209,否,,,否,.,.,1,1
5101020210,否,,,否,6,2,0,0
5101020211,否,,,否,3,1,1,0
5101020212,否,,,否,.,.,1,0
5101030101,否,,,否,3,3,1,1
5101030102,否,,,否,2,2,1,1
5101030103,否,,,否,4,4,0,0
5101030104,否,,,否,6,6,0,0
5101030105,否,,,否,3,1,1,1
5101030106,否,,,否,4,3,0,0
5101030107,否,,,否,.,.,.,.
5101030108,否,,,否,3,3,0,0
5101030109,否,,,否,2,2,1,1
5101030110,否,,,否,7,7,1,1
5101030111,否,,,否,9,5,2,1
5101030112,否,,,否,0,0,2,0
5101030201,否,,,否,4,3,2,0
5101030202,否,,,否,0,0,0,.
5101030203,否,,,否,.,.,1,1
5101030204,否,,,否,4,3,2,2
5101030205,否,,,否,3,2,2,2
5101030206,否,,,否,1,0,1,1
5101030207,否,,,否,10,8,2,2
5101030208,,,,,.,.,.,.
5101030209,否,,,否,13,3,4,1
5101030210,否,,,否,6,5,1,1
5101030211,否,,,否,.,.,1,1
5101030212,否,,,否,2,0,1,1
3304010201,否,,,否,0,0,0,0
3304010202,否,,,否,2,2,0,0
3304010203,是,1,,否,10,10,0,0
3304010204,否,,,否,5,5,0,0
3304010205,否,,,否,1,1,0,0
3304010206,否,,,否,12,11,0,0
3304010207,否,,,否,4,2,2,2
3304010208,是,1,,否,0,0,0,0
3304010209,是,2,,是,3,0,0,0
3304010210,是,1,,否,5,5,2,2
3304010211,否,,,否,8,8,0,0
3304010212,否,,,否,4,4,1,1
3304010213,是,1,,否,6,6,0,0
3304010214,否,,,否,21,21,0,0
3304010101,否,,,否,23,23,.,.
3304010102,否,,,否,14,14,1,1
3304010103,否,,,否,1,1,0,0
3304010104,否,,,否,5,5,2,2
3304010105,否,,,否,2,2,0,0
3304010106,否,,,否,5,5,1,1
3304010107,否,,,否,10,10,1,1
3304010108,否,,,否,3,3,2,2
3304010109,是,1,,否,20,20,1,1
3304010110,是,1,,否,0,0,0,0
3304010111,是,1,,否,4,4,3,3
3304010112,是,1,,否,7,7,0,0
3304010113,否,,,否,6,6,1,1
3304010114,是,1,,否,7,7,0,0
3304020201,9999.0,,,否,19,19,2,2
3304020202,是,"1,2",,否,0,0,0,0
3304020203,否,,,是,13,11,1,1
3304020204,否,,,否,1,1,0,0
3304020205,否,,,否,8,8,0,0
3304020206,否,,,否,12,12,0,0
3304020207,否,,,否,0,0,0,0
3304020208,是,1,,否,3,3,0,0
3304020209,是,1,,否,0,0,0,0
3304020210,是,1,,否,6,5,2,2
3304020211,否,,,否,7,7,1,1
3304020212,否,,,否,5,5,1,0
3304020213,是,"1,4,7",,否,7,5,1,0
3304020214,是,1,,否,0,0,2,2
3304020101,否,,,否,8,8,2,2
3304020102,是,1,,否,5,5,1,1
3304020103,否,,,否,5,5,0,.
3304020104,9999.0,,,否,4,3,1,1
3304020105,是,1,,否,15,15,2,2
3304020106,否,,,否,2,2,1,1
3304020107,否,,,否,10,10,1,1
3304020108,否,,,否,5,5,1,1
3304020109,否,,,否,2,2,1,1
3304020110,否,,,否,19,19,2,2
3304020111,否,,,否,5,5,1,1
3304020112,否,,,否,8,8,1,1
3304030101,否,,,否,0,0,0,0
3304030102,否,,,否,1,0,3,3
3304030103,是,1,,否,10,8,0,0
3304030104,是,1,,否,13,12,1,1
3304030105,是,1,,否,17,16,2,2
3304030106,是,,,是,2,2,0,0
3304030107,否,,,否,10,9,4,4
3304030108,否,,,否,1,0,2,2
3304030109,否,,,否,2,0,0,0
3304030110,否,,,否,30,29,2,2
3304030111,否,,,否,0,0,0,0
3304030112,否,,,否,1,0,1,1
3304030113,是,1,,否,1,0,0,0
3304030114,是,1,,否,0,0,0,0
3304030201,是,9,养殖合作社,否,4,0,3,2
3304030202,否,,,否,.,.,1,1
3304030203,否,,,否,6,5,2,2
3304030204,否,,,否,13,12,1,1
3304030205,否,,,否,0,0,1,0
3304030206,是,1,,否,4,4,1,1
3304030207,否,,,否,1,0,1,1
3304030208,否,,,否,1,1,0,0
3304030209,是,1,,否,24,23,0,0
3304030210,否,,,否,6,5,1,1
3304030211,是,1,,否,0,0,1,1
3304030212,是,1,,否,5,5,1,1
3305020101,是,1,,否,25,25,0,0
3305020102,9999.0,,,否,10,10,0,0
3305020103,否,,,否,8,8,0,0
3305020104,是,1,,否,3,3,0,0
3305020105,否,,,否,0,0,0,0
3305020106,否,,,否,0,0,0,0
3305020107,否,,,否,0,0,0,0
3305020108,否,,,否,8,8,1,1
3305020109,否,,,否,8,8,1,1
3305020110,否,,,否,0,0,0,0
3305020111,否,,,否,0,0,0,.
3305020112,否,,,否,0,0,0,0
3305020201,否,,,否,15,15,0,0
3305020202,否,,,否,21,20,0,0
3305020203,否,,,否,13,13,0,0
3305020204,否,,,否,0,0,0,0
3305020205,否,,,否,0,0,0,0
3305020206,9999.0,9999,,否,5,5,0,0
3305020207,是,1,,否,3,3,0,0
3305020208,否,,,否,0,0,0,0
3305020209,否,,,否,1,0,0,0
3305020210,否,,,否,6,6,0,.
3305020211,否,,,否,0,0,0,0
3305020212,否,,,否,0,0,0,0
3305020213,是,1,,否,0,0,0,0
3305010201,否,,,否,5,5,0,0
3305010202,否,,,否,9,8,0,0
3305010203,否,,,否,0,0,0,0
3305010204,否,,,否,8,8,0,0
3305010205,否,,,否,5,5,0,.
3305010206,否,,,否,10,10,0,.
3305010207,是,1,,否,1,1,1,1
3305010208,否,,,否,1,1,0,0
3305010209,否,,,否,7,7,0,0
3305010210,是,1,,否,7,8,0,0
3305010211,否,,,否,0,0,0,0
3305010212,是,1,,否,30,30,1,1
3305010213,是,1,,否,4,4,0,0
3305010101,是,1,,是,1,0,0,0
3305010102,是,1,,否,13,13,0,0
3305010103,否,,,否,0,0,0,0
3305010104,否,,,否,10,10,0,0
3305010105,否,,,否,0,.,0,.
3305010106,否,,,否,6,6,0,.
3305010107,是,"1,9",,否,0,0,0,0
3305010108,是,"1,9",粮油种植,否,10,8,0,0
3305010109,是,1,,否,31,30,1,1
3305010110,否,,,否,0,0,0,0
3305010111,否,,,否,10,10,0,0
3305010112,否,,,否,6,6,0,0
3305010113,否,,,否,15,15,0,0
3305010114,否,,,否,2,2,0,0
3305030101,否,,,否,3,3,0,0
3305030102,是,1,,否,3,0,0,0
3305030103,是,1,,否,3,0,0,0
3305030104,9999.0,9999,,否,41,39,0,0
3305030105,否,,,否,38,37,0,0
3305030106,否,,,否,8,7,0,0
3305030107,否,,,否,12,10,0,0
3305030108,否,,,否,10,10,0,0
3305030109,否,,,否,10,10,0,0
3305030110,否,,,否,5,4,0,0
3305030111,否,,,否,3,1,0,0
3305030112,否,,,否,1,0,0,0
3305030113,否,,,否,1,0,0,.
3305040101,否,,,否,6,6,0,.
3305040102,否,,,否,6,6,0,0
3305040103,否,,,否,14,14,0,0
3305040104,否,,,否,0,0,0,0
3305040105,否,,,否,15,14,0,0
3305040106,否,,,否,0,0,0,0
3305040107,否,,,否,0,0,0,0
3305040108,否,,,否,0,0,0,0
3305040109,否,,,否,10,10,0,0
3305040110,否,,,否,10,10,1,1
3305040111,否,,,否,8,8,0,.
3305040112,否,,,否,8,8,0,0
3301020101,是,1,,否,4,3,0,0
3301020102,否,,,否,2,1,0,.
3301020103,否,,,否,1,0,0,.
3301020104,否,,,否,.,.,0,.
3301020105,否,,,否,0,0,2,2
3301020106,否,,,否,2,1,1,1
3301020107,否,,,否,0,0,2,2
3301020108,否,,,否,2,2,0,.
3301020109,否,,,是,2,1,1,0
3301020110,否,,,否,7,7,0,0
3301020111,否,,,否,1,1,0,.
3301020112,否,,,否,0,0,0,0
3301020113,否,,,否,2,1,.,.
3301020114,否,,,否,2,1,.,.
3301020115,是,1,,否,1,1,0,0
3301030101,否,,,否,6,5,0,0
3301030102,否,,,是,1,0,0,0
3301030103,否,,,否,1,1,1,1
3301030104,否,,,否,1,0,.,.
3301030105,是,1,,否,0,.,0,.
3301030106,否,,,否,2,0,.,.
3301030107,否,,,否,20,0,1,1
3301030108,否,,,否,20,0,0,0
3301030109,否,,,否,1,0,2,2
3301030110,否,,,否,1,0,2,2
3301030111,否,,,否,12,11,1,1
3301030112,否,,,否,.,.,0,.
3301030113,否,,,否,6,6,0,0
3301030114,否,,,否,10,10,0,.
3301030201,否,,,否,1,0,0,0
3301030202,否,,,否,5,5,.,.
3301030203,否,,,否,5,4,2,2
3301030204,否,,,否,12,11,0,0
3301030205,是,9,,否,1,0,3,1
3301030206,否,,,否,3,3,1,1
3301030207,是,9,种植业,是,10,10,2,2
3301030208,是,2,,否,2,0,2,2
3301030209,否,,,否,3,2,0,0
3301030210,否,,,是,1,0,1,0
3301030211,否,,,否,1,0,0,0
3301030212,是,9,,否,1,1,2,1
3301010201,否,,,否,1,0,0,.
3301010202,否,,,是,3,0,0,0
3301010203,否,,,否,7,7,0,0
3301010204,否,,,否,7,7,0,0
3301010205,否,,,否,5,5,0,0
3301010206,否,,,否,0,0,0,0
3301010207,是,1,,否,8,8,0,0
3301010208,是,1,,否,4,4,2,2
3301010209,否,,,否,2,1,0,0
3301010210,否,,,否,7,7,0,0
3301010101,否,,,否,5,5,0,.
3301010102,否,,,否,0,0,0,0
3301010103,否,,,否,14,14,.,.
3301010104,是,1,,否,0,0,0,0
3301010105,是,1,,否,8,8,0,0
3301010106,否,,,否,12,12,0,0
3301010107,是,1,,否,18,18,0,0
3301010108,,,,,.,.,.,.
3301010109,是,1,,否,1,1,3,3
3301010110,是,3,,否,5,5,0,0
3301010111,是,1,,否,2,2,2,2
3301010112,否,,,否,.,.,.,.
3301010113,是,1,,否,.,.,.,.
3301010114,是,1,,否,3,3,0,.
3301020201,否,,,否,2,1,0,0
3301020202,否,,,否,2,1,2,2
3301020203,否,,,否,1,0,0,0
3301020204,否,,,否,8,8,0,0
3301020205,否,,,否,1,.,1,1
3301020206,否,,,否,5,4,.,.
3301020207,否,,,否,2,0,2,2
3301020208,否,,,否,10,10,0,0
3301020209,否,,,否,10,10,1,1
3301020210,否,,,否,15,14,1,1
3301020211,否,,,否,1,0,0,0
3301020212,否,,,否,3,2,0,0
3301020213,否,,,否,6,6,2,2
