varID,cluster,cluster_label
2301010101,2,3
2301010102,2,3
2301010103,0,1
2301010104,0,1
2301010105,0,1
2301010106,0,1
2301010107,0,1
2301010108,2,3
2301010109,0,1
2301010110,2,3
2301010111,2,3
2301010112,0,1
2301010201,0,1
2301010202,2,3
2301010203,2,3
2301010204,0,1
2301010205,2,3
2301010206,2,3
2301010207,2,3
2301010208,2,3
2301010209,0,1
2301010210,0,1
2301010211,0,1
2301010212,2,3
2301020101,0,1
2301020102,0,1
2301020103,2,3
2301020104,0,1
2301020105,2,3
2301020106,2,3
2301020107,2,3
2301020108,2,3
2301020109,2,3
2301020110,2,3
2301020111,0,1
2301020112,0,1
2301020201,0,1
2301020202,2,3
2301020203,2,3
2301020204,2,3
2301020205,2,3
2301020206,2,3
2301020207,2,3
2301020208,2,3
2301020209,1,2
2301020210,0,1
2301020211,0,1
2301020212,2,3
2301030101,0,1
2301030102,2,3
2301030103,0,1
2301030104,0,1
2301030105,0,1
2301030106,0,1
2301030107,0,1
2301030108,2,3
2301030109,2,3
2301030110,2,3
2301030111,0,1
2301030112,0,1
2301030113,0,1
2301030201,0,1
2301030202,2,3
2301030203,0,1
2301030204,2,3
2301030205,0,1
2301030206,2,3
2301030207,2,3
2301030208,2,3
2301030209,0,1
2301030210,2,3
2301030211,2,3
2301030212,2,3
2301040101,2,3
2301040102,2,3
2301040103,0,1
2301040104,2,3
2301040105,2,3
2301040106,0,1
2301040107,2,3
2301040108,0,1
2301040109,0,1
2301040110,2,3
2301040111,0,1
2301040112,1,2
2302010101,0,1
2302010102,0,1
2302010103,0,1
2302010104,2,3
2302010105,2,3
2302010106,0,1
2302010107,0,1
2302010109,2,3
2302010110,2,3
2302010111,0,1
2302010112,2,3
2302010201,2,3
2302010202,2,3
2302010203,2,3
2302010204,2,3
2302010205,0,1
2302010206,0,1
2302010207,2,3
2302010208,2,3
2302010209,0,1
2302010210,2,3
2302010211,2,3
2302010212,2,3
2302020101,0,1
2302020102,2,3
2302020103,0,1
2302020104,0,1
2302020105,0,1
2302020106,0,1
2302020107,0,1
2302020108,0,1
2302020109,0,1
2302020110,2,3
2302020111,0,1
2302020112,2,3
2302020201,0,1
2302020202,0,1
2302020203,2,3
2302020204,2,3
2302020205,2,3
2302020206,0,1
2302020207,2,3
2302020208,2,3
2302020209,2,3
2302020210,2,3
2302020211,0,1
2302020212,2,3
2302030101,0,1
2302030102,0,1
2302030103,0,1
2302030104,0,1
2302030105,0,1
2302030106,0,1
2302030107,0,1
2302030108,0,1
2302030109,2,3
2302030110,2,3
2302030111,2,3
2302030112,2,3
2302030201,2,3
2302030202,0,1
2302030203,2,3
2302030204,2,3
2302030205,2,3
2302030206,2,3
2302030207,2,3
2302030208,2,3
2302030209,2,3
2302030210,2,3
2302030211,2,3
2302030212,2,3
2303010101,0,1
2303010102,2,3
2303010103,0,1
2303010104,0,1
2303010105,0,1
2303010106,0,1
2303010107,0,1
2303010108,0,1
2303010109,0,1
2303010110,0,1
2303010111,2,3
2303010112,2,3
2303010201,0,1
2303010202,2,3
2303010203,0,1
2303010204,0,1
2303010205,2,3
2303010206,0,1
2303010207,2,3
2303010208,2,3
2303010209,0,1
2303010210,0,1
2303010211,0,1
2303010212,0,1
2303020101,2,3
2303020102,2,3
2303020103,0,1
2303020104,2,3
2303020105,0,1
2303020106,0,1
2303020107,2,3
2303020108,2,3
2303020109,0,1
2303020110,0,1
2303020111,0,1
2303020112,0,1
2303020201,2,3
2303020202,2,3
2303020203,0,1
2303020204,0,1
2303020205,0,1
2303020206,2,3
2303020207,2,3
2303020208,2,3
2303020209,2,3
2303020210,2,3
2303020211,0,1
2303020212,2,3
2303030101,2,3
2303030102,0,1
2303030103,0,1
2303030104,0,1
2303030105,2,3
2303030106,0,1
2303030107,0,1
2303030108,0,1
2303030109,2,3
2303030110,2,3
2303030111,0,1
2303030112,0,1
2303030201,0,1
2303030202,0,1
2303030203,0,1
2303030204,0,1
2303030205,0,1
2303030206,0,1
2303030207,0,1
2303030208,0,1
2303030209,0,1
2303030210,0,1
2303030211,0,1
2303030212,2,3
2304010101,0,1
2304010102,2,3
2304010103,0,1
2304010104,2,3
2304010105,2,3
2304010106,0,1
2304010107,2,3
2304010108,0,1
2304010109,0,1
2304010110,0,1
2304010111,2,3
2304010112,0,1
2304010201,2,3
2304010202,2,3
2304010203,2,3
2304010204,2,3
2304010205,2,3
2304010206,0,1
2304010207,2,3
2304010208,2,3
2304010209,0,1
2304010210,2,3
2304010211,2,3
2304010212,2,3
2304020101,2,3
2304020102,0,1
2304020103,0,1
2304020104,2,3
2304020105,2,3
2304020106,0,1
2304020107,2,3
2304020108,2,3
2304020109,2,3
2304020110,2,3
2304020111,2,3
2304020112,0,1
2304020201,2,3
2304020202,2,3
2304020203,2,3
2304020204,2,3
2304020205,2,3
2304020206,2,3
2304020207,2,3
2304020208,2,3
2304020209,0,1
2304020210,2,3
2304020211,2,3
2304020212,2,3
2304030101,2,3
2304030102,2,3
2304030103,2,3
2304030104,2,3
2304030105,0,1
2304030107,0,1
2304030108,2,3
2304030109,2,3
2304030110,2,3
2304030111,0,1
2304030112,2,3
2304030201,0,1
2304030202,0,1
2304030203,0,1
2304030204,2,3
2304030205,0,1
2304030206,2,3
2304030207,2,3
2304030208,0,1
2304030209,0,1
2304030210,0,1
2304030211,0,1
2304030212,2,3
2305010101,2,3
2305010102,0,1
2305010103,2,3
2305010104,0,1
2305010105,2,3
2305010106,0,1
2305010107,0,1
2305010108,0,1
2305010109,0,1
2305010110,0,1
2305010111,2,3
2305010112,0,1
2305010201,2,3
2305010202,0,1
2305010203,2,3
2305010204,0,1
2305010205,0,1
2305010206,0,1
2305010207,2,3
2305010208,2,3
2305010209,2,3
2305010210,0,1
2305010211,0,1
2305010212,2,3
2305020101,2,3
2305020102,0,1
2305020103,2,3
2305020104,2,3
2305020105,2,3
2305020106,0,1
2305020107,0,1
2305020108,0,1
2305020109,0,1
2305020110,2,3
2305020111,0,1
2305020112,2,3
2305020201,0,1
2305020202,0,1
2305020203,0,1
2305020204,2,3
2305020205,0,1
2305020206,0,1
2305020207,0,1
2305020208,2,3
2305020209,2,3
2305020210,2,3
2305020211,0,1
2305020212,0,1
2305030101,0,1
2305030102,2,3
2305030103,0,1
2305030104,2,3
2305030105,0,1
2305030106,2,3
2305030107,2,3
2305030108,2,3
2305030109,0,1
2305030110,2,3
2305030111,0,1
2305030112,2,3
2305030201,0,1
2305030202,0,1
2305030203,0,1
2305030204,0,1
2305030205,0,1
2305030206,0,1
2305030207,2,3
2305030208,0,1
2305030209,0,1
2305030210,2,3
2305030211,0,1
2305030212,0,1
3301010101,0,1
3301010102,0,1
3301010103,0,1
3301010104,0,1
3301010105,0,1
3301010106,0,1
3301010107,0,1
3301010108,0,1
3301010109,0,1
3301010110,0,1
3301010111,0,1
3301010112,0,1
3301010113,0,1
3301010114,0,1
3301010201,0,1
3301010202,0,1
3301010203,0,1
3301010204,0,1
3301010205,0,1
3301010206,0,1
3301010207,0,1
3301010208,2,3
3301010209,0,1
3301010210,0,1
3301020101,0,1
3301020102,0,1
3301020103,0,1
3301020104,0,1
3301020105,0,1
3301020106,0,1
3301020107,0,1
3301020108,0,1
3301020109,0,1
3301020110,0,1
3301020111,0,1
3301020112,0,1
3301020113,0,1
3301020114,0,1
3301020115,0,1
3301020201,0,1
3301020202,1,2
3301020203,0,1
3301020204,0,1
3301020205,0,1
3301020206,0,1
3301020207,2,3
3301020208,0,1
3301020209,0,1
3301020210,0,1
3301020211,0,1
3301020212,0,1
3301020213,0,1
3301030101,0,1
3301030102,0,1
3301030103,0,1
3301030104,0,1
3301030105,0,1
3301030106,0,1
3301030107,0,1
3301030108,0,1
3301030109,0,1
3301030110,0,1
3301030111,0,1
3301030112,0,1
3301030113,0,1
3301030114,0,1
3301030201,0,1
3301030202,0,1
3301030203,0,1
3301030204,0,1
3301030205,0,1
3301030206,0,1
3301030207,0,1
3301030208,0,1
3301030209,0,1
3301030210,0,1
3301030211,0,1
3301030212,0,1
3301040101,0,1
3301040102,0,1
3301040103,0,1
3301040104,0,1
3301040106,0,1
3301040107,0,1
3301040108,0,1
3301040109,0,1
3301040110,0,1
3301040111,0,1
3301040112,0,1
3301040113,0,1
3301040114,0,1
3302010101,0,1
3302010102,0,1
3302010103,0,1
3302010104,0,1
3302010105,0,1
3302010106,0,1
3302010107,0,1
3302010108,0,1
3302010109,0,1
3302010110,0,1
3302010111,0,1
3302010112,0,1
3302010113,0,1
3302010114,0,1
3302010201,0,1
3302010202,0,1
3302010203,0,1
3302010204,0,1
3302010205,2,3
3302010206,0,1
3302010207,0,1
3302010208,0,1
3302010209,0,1
3302010210,0,1
3302010211,0,1
3302010212,0,1
3302010213,0,1
3302010214,0,1
3302020101,0,1
3302020102,0,1
3302020103,0,1
3302020104,0,1
3302020105,0,1
3302020106,0,1
3302020107,0,1
3302020108,0,1
3302020109,0,1
3302020110,0,1
3302020111,0,1
3302020112,0,1
3302020113,0,1
3302020114,0,1
3302020115,0,1
3302020201,0,1
3302020202,0,1
3302020203,0,1
3302020204,0,1
3302020205,0,1
3302020206,0,1
3302020207,0,1
3302020208,2,3
3302020209,0,1
3302020210,2,3
3302020211,2,3
3302020212,0,1
3302020213,0,1
3302030101,0,1
3302030102,0,1
3302030103,0,1
3302030104,0,1
3302030105,0,1
3302030106,2,3
3302030107,0,1
3302030108,0,1
3302030109,0,1
3302030110,0,1
3302030111,0,1
3302030112,0,1
3302030113,0,1
3302030114,0,1
3302030201,0,1
3302030202,0,1
3302030203,0,1
3302030204,0,1
3302030205,0,1
3302030206,0,1
3302030207,0,1
3302030208,0,1
3302030209,0,1
3302030210,0,1
3302030211,0,1
3302030212,0,1
3302030213,0,1
3302030214,0,1
3303010101,0,1
3303010102,0,1
3303010103,0,1
3303010104,0,1
3303010105,0,1
3303010106,0,1
3303010107,0,1
3303010108,0,1
3303010109,0,1
3303010110,0,1
3303010111,0,1
3303010112,0,1
3303010113,0,1
3303010114,0,1
3303010115,0,1
3303010201,0,1
3303010202,0,1
3303010203,2,3
3303010204,0,1
3303010205,0,1
3303010206,0,1
3303010207,0,1
3303010208,0,1
3303010209,0,1
3303010210,0,1
3303010211,0,1
3303010212,0,1
3303020101,0,1
3303020102,0,1
3303020103,0,1
3303020104,0,1
3303020105,0,1
3303020106,0,1
3303020107,0,1
3303020108,0,1
3303020109,0,1
3303020110,0,1
3303020111,0,1
3303020112,0,1
3303020113,0,1
3303020114,0,1
3303020201,0,1
3303020202,0,1
3303020203,0,1
3303020204,0,1
3303020205,0,1
3303020206,2,3
3303020207,0,1
3303020208,2,3
3303020209,0,1
3303020210,0,1
3303020211,0,1
3303020212,0,1
3303020213,0,1
3303020214,0,1
3303030101,0,1
3303030102,0,1
3303030103,0,1
3303030104,0,1
3303030105,0,1
3303030106,0,1
3303030107,0,1
3303030108,0,1
3303030109,0,1
3303030110,0,1
3303030111,0,1
3303030112,0,1
3303030113,0,1
3303030201,0,1
3303030202,0,1
3303030203,0,1
3303030204,0,1
3303030205,0,1
3303030206,0,1
3303030207,0,1
3303030208,0,1
3303030209,0,1
3303030210,2,3
3303030211,0,1
3303030212,0,1
3303030213,2,3
3304010101,0,1
3304010102,0,1
3304010103,0,1
3304010104,0,1
3304010105,0,1
3304010106,0,1
3304010107,0,1
3304010108,0,1
3304010109,0,1
3304010110,0,1
3304010111,0,1
3304010112,0,1
3304010113,0,1
3304010114,0,1
3304010201,0,1
3304010202,2,3
3304010203,0,1
3304010204,0,1
3304010205,0,1
3304010206,0,1
3304010207,0,1
3304010208,0,1
3304010209,0,1
3304010211,0,1
3304010212,0,1
3304010213,0,1
3304010214,0,1
3304020101,0,1
3304020102,0,1
3304020103,0,1
3304020104,0,1
3304020105,0,1
3304020106,2,3
3304020108,0,1
3304020109,0,1
3304020110,0,1
3304020111,0,1
3304020112,0,1
3304020201,0,1
3304020202,0,1
3304020203,0,1
3304020204,0,1
3304020205,0,1
3304020206,0,1
3304020207,0,1
3304020208,0,1
3304020209,0,1
3304020210,0,1
3304020211,0,1
3304020212,0,1
3304020213,2,3
3304020214,0,1
3304030101,0,1
3304030102,0,1
3304030103,0,1
3304030104,0,1
3304030105,0,1
3304030106,0,1
3304030107,0,1
3304030108,0,1
3304030109,0,1
3304030110,0,1
3304030111,0,1
3304030112,0,1
3304030113,0,1
3304030114,0,1
3304030201,0,1
3304030202,0,1
3304030203,0,1
3304030204,0,1
3304030205,0,1
3304030206,0,1
3304030207,0,1
3304030208,0,1
3304030209,0,1
3304030210,0,1
3304030211,0,1
3304030212,0,1
3305010101,0,1
3305010102,0,1
3305010103,0,1
3305010104,0,1
3305010105,0,1
3305010106,0,1
3305010107,0,1
3305010108,2,3
3305010109,0,1
3305010110,0,1
3305010111,0,1
3305010112,0,1
3305010113,0,1
3305010114,0,1
3305010201,0,1
3305010202,0,1
3305010203,0,1
3305010204,0,1
3305010205,0,1
3305010206,0,1
3305010207,0,1
3305010208,0,1
3305010209,0,1
3305010210,0,1
3305010211,0,1
3305010212,0,1
3305010213,0,1
3305020101,0,1
3305020102,0,1
3305020103,0,1
3305020104,0,1
3305020105,0,1
3305020106,0,1
3305020107,0,1
3305020108,0,1
3305020109,0,1
3305020110,0,1
3305020111,0,1
3305020112,0,1
3305020201,0,1
3305020202,0,1
3305020203,0,1
3305020204,0,1
3305020205,0,1
3305020206,0,1
3305020207,0,1
3305020208,0,1
3305020209,0,1
3305020210,0,1
3305020211,0,1
3305020212,0,1
3305020213,0,1
3305030101,0,1
3305030102,0,1
3305030103,0,1
3305030104,0,1
3305030105,0,1
3305030106,0,1
3305030107,0,1
3305030108,0,1
3305030109,0,1
3305030110,0,1
3305030111,0,1
3305030112,0,1
3305030113,0,1
3305040101,0,1
3305040102,0,1
3305040103,0,1
3305040104,0,1
3305040105,0,1
3305040106,0,1
3305040107,0,1
3305040108,0,1
3305040109,0,1
3305040110,0,1
3305040111,0,1
3305040112,0,1
3401010101,0,1
3401010102,1,2
3401010103,0,1
3401010105,0,1
3401010106,0,1
3401010107,0,1
3401010108,0,1
3401010109,2,3
3401010110,0,1
3401010111,0,1
3401010112,0,1
3401010201,0,1
3401010202,0,1
3401010203,0,1
3401010204,0,1
3401010205,0,1
3401010206,0,1
3401010207,1,2
3401010208,0,1
3401010209,0,1
3401010210,0,1
3401010211,0,1
3401010212,0,1
3401020101,0,1
3401020102,2,3
3401020103,2,3
3401020104,2,3
3401020105,2,3
3401020106,2,3
3401020107,0,1
3401020108,0,1
3401020109,0,1
3401020110,0,1
3401020111,0,1
3401020112,0,1
3401020201,0,1
3401020202,0,1
3401020203,0,1
3401020204,2,3
3401020205,0,1
3401020206,0,1
3401020207,0,1
3401020208,0,1
3401020209,0,1
3401020211,0,1
3401020212,0,1
3401030101,0,1
3401030102,0,1
3401030103,0,1
3401030104,2,3
3401030105,0,1
3401030106,2,3
3401030107,0,1
3401030108,0,1
3401030109,2,3
3401030110,2,3
3401030111,0,1
3401030112,0,1
3401030201,0,1
3401030203,2,3
3401030204,0,1
3401030205,0,1
3401030206,2,3
3401030207,0,1
3401030208,0,1
3401030209,2,3
3401030210,0,1
3401030211,0,1
3401030212,0,1
3401030213,0,1
3402010101,0,1
3402010102,0,1
3402010103,0,1
3402010104,0,1
3402010105,0,1
3402010106,0,1
3402010107,0,1
3402010108,0,1
3402010109,0,1
3402010110,0,1
3402010111,0,1
3402010112,0,1
3402010201,0,1
3402010202,0,1
3402010203,0,1
3402010204,0,1
3402010205,0,1
3402010206,0,1
3402010207,0,1
3402010208,0,1
3402010209,0,1
3402010210,0,1
3402010211,0,1
3402010212,0,1
3402020101,0,1
3402020102,0,1
3402020103,0,1
3402020104,0,1
3402020105,0,1
3402020106,0,1
3402020107,0,1
3402020108,0,1
3402020109,0,1
3402020110,0,1
3402020111,0,1
3402020112,0,1
3402020201,0,1
3402020202,0,1
3402020203,0,1
3402020204,0,1
3402020205,0,1
3402020206,0,1
3402020207,0,1
3402020208,0,1
3402020209,0,1
3402020210,0,1
3402020211,0,1
3402020212,0,1
3402030101,2,3
3402030102,0,1
3402030103,0,1
3402030104,2,3
3402030105,0,1
3402030106,0,1
3402030107,0,1
3402030108,2,3
3402030109,2,3
3402030110,0,1
3402030111,2,3
3402030112,0,1
3402030201,0,1
3402030202,0,1
3402030203,0,1
3402030204,0,1
3402030205,0,1
3402030206,0,1
3402030207,0,1
3402030208,0,1
3402030209,2,3
3402030210,0,1
3402030211,2,3
3402030212,0,1
3403010101,0,1
3403010102,0,1
3403010103,0,1
3403010104,0,1
3403010105,0,1
3403010106,0,1
3403010107,0,1
3403010108,0,1
3403010109,0,1
3403010110,2,3
3403010111,0,1
3403010112,2,3
3403010201,0,1
3403010202,0,1
3403010203,0,1
3403010204,0,1
3403010205,0,1
3403010206,0,1
3403010207,0,1
3403010209,0,1
3403010210,0,1
3403010211,0,1
3403010212,0,1
3403020101,2,3
3403020102,0,1
3403020103,0,1
3403020104,0,1
3403020105,0,1
3403020106,0,1
3403020107,0,1
3403020108,0,1
3403020109,0,1
3403020110,0,1
3403020111,0,1
3403020112,2,3
3403020201,0,1
3403020202,0,1
3403020203,0,1
3403020204,0,1
3403020206,0,1
3403020207,2,3
3403020208,0,1
3403020209,0,1
3403020210,0,1
3403020211,0,1
3403020212,2,3
3403030101,0,1
3403030102,0,1
3403030103,2,3
3403030104,2,3
3403030105,0,1
3403030106,0,1
3403030107,0,1
3403030108,0,1
3403030109,0,1
3403030110,0,1
3403030111,0,1
3403030112,0,1
3403030201,1,2
3403030202,0,1
3403030203,0,1
3403030204,0,1
3403030205,0,1
3403030206,0,1
3403030207,0,1
3403030208,2,3
3403030209,0,1
3403030210,0,1
3403030211,0,1
3403030212,0,1
3404010101,0,1
3404010102,0,1
3404010103,0,1
3404010104,0,1
3404010105,0,1
3404010106,0,1
3404010107,0,1
3404010108,0,1
3404010109,0,1
3404010110,0,1
3404010111,0,1
3404010112,0,1
3404010201,0,1
3404010202,2,3
3404010203,0,1
3404010204,0,1
3404010205,0,1
3404010206,0,1
3404010207,0,1
3404010208,0,1
3404010209,0,1
3404010210,0,1
3404010211,0,1
3404010212,0,1
3404020101,0,1
3404020102,0,1
3404020103,0,1
3404020104,0,1
3404020105,0,1
3404020106,0,1
3404020107,0,1
3404020108,0,1
3404020109,0,1
3404020110,2,3
3404020111,0,1
3404020112,0,1
3404020201,0,1
3404020202,0,1
3404020203,0,1
3404020204,0,1
3404020205,0,1
3404020206,0,1
3404020207,0,1
3404020208,0,1
3404020209,0,1
3404020210,0,1
3404020211,0,1
3404020212,0,1
3404030101,0,1
3404030102,0,1
3404030103,0,1
3404030104,0,1
3404030105,0,1
3404030106,0,1
3404030107,0,1
3404030108,0,1
3404030109,0,1
3404030110,0,1
3404030111,0,1
3404030112,0,1
3404030201,0,1
3404030202,0,1
3404030203,0,1
3404030204,0,1
3404030205,0,1
3404030206,0,1
3404030207,0,1
3404030208,0,1
3404030209,0,1
3404030210,0,1
3404030211,0,1
3404030212,2,3
3405010101,0,1
3405010102,2,3
3405010103,2,3
3405010104,0,1
3405010105,0,1
3405010106,0,1
3405010107,0,1
3405010108,2,3
3405010109,0,1
3405010110,0,1
3405010111,2,3
3405010112,0,1
3405010201,0,1
3405010202,0,1
3405010203,0,1
3405010204,2,3
3405010205,0,1
3405010206,0,1
3405010207,0,1
3405010208,0,1
3405010209,0,1
3405010210,0,1
3405010211,0,1
3405010212,0,1
3405020101,0,1
3405020102,2,3
3405020103,2,3
3405020104,0,1
3405020105,2,3
3405020106,0,1
3405020107,0,1
3405020108,0,1
3405020109,0,1
3405020110,0,1
3405020111,0,1
3405020112,0,1
3405020201,0,1
3405020202,0,1
3405020203,0,1
3405020204,0,1
3405020205,0,1
3405020206,2,3
3405020207,0,1
3405020208,0,1
3405020209,0,1
3405020210,0,1
3405020211,0,1
3405020212,2,3
3405030101,0,1
3405030102,0,1
3405030103,0,1
3405030104,0,1
3405030105,2,3
3405030106,0,1
3405030107,2,3
3405030108,0,1
3405030109,0,1
3405030110,0,1
3405030111,0,1
3405030112,0,1
3405030201,0,1
3405030202,0,1
3405030203,0,1
3405030204,0,1
3405030205,0,1
3405030206,0,1
3405030207,0,1
3405030208,0,1
3405030209,0,1
3405030210,0,1
3405030211,2,3
3405030212,0,1
3701010101,0,1
3701010102,0,1
3701010103,0,1
3701010104,0,1
3701010105,0,1
3701010106,0,1
3701010107,0,1
3701010108,0,1
3701010109,0,1
3701010110,0,1
3701010111,0,1
3701010112,0,1
3701010201,0,1
3701010202,0,1
3701010203,0,1
3701010205,0,1
3701010206,0,1
3701010207,0,1
3701010208,0,1
3701010209,0,1
3701010210,0,1
3701010211,0,1
3701010212,0,1
3701020101,0,1
3701020102,0,1
3701020103,0,1
3701020104,0,1
3701020105,0,1
3701020106,0,1
3701020107,0,1
3701020108,0,1
3701020109,0,1
3701020110,0,1
3701020111,0,1
3701020112,0,1
3701020201,0,1
3701020202,0,1
3701020203,0,1
3701020204,0,1
3701020205,0,1
3701020206,0,1
3701020207,0,1
3701020208,0,1
3701020209,0,1
3701020210,0,1
3701020211,0,1
3701020212,0,1
3701030101,0,1
3701030102,0,1
3701030103,0,1
3701030104,0,1
3701030105,0,1
3701030106,0,1
3701030107,0,1
3701030108,0,1
3701030109,0,1
3701030110,0,1
3701030111,0,1
3701030112,0,1
3701030201,0,1
3701030202,0,1
3701030203,0,1
3701030204,2,3
3701030205,0,1
3701030206,0,1
3701030207,0,1
3701030208,2,3
3701030209,2,3
3701030210,0,1
3701030211,0,1
3701030212,0,1
3702010101,0,1
3702010102,0,1
3702010103,0,1
3702010104,2,3
3702010105,0,1
3702010106,0,1
3702010107,0,1
3702010108,0,1
3702010109,0,1
3702010110,0,1
3702010111,0,1
3702010112,0,1
3702010113,0,1
3702010201,0,1
3702010202,0,1
3702010203,0,1
3702010204,0,1
3702010205,0,1
3702010206,0,1
3702010207,1,2
3702010208,0,1
3702010209,2,3
3702010210,0,1
3702010211,0,1
3702010212,2,3
3702020101,0,1
3702020102,0,1
3702020103,0,1
3702020104,0,1
3702020105,0,1
3702020106,0,1
3702020107,0,1
3702020108,0,1
3702020109,0,1
3702020110,0,1
3702020111,0,1
3702020112,0,1
3702020113,0,1
3702020201,0,1
3702020202,0,1
3702020203,0,1
3702020204,0,1
3702020205,0,1
3702020206,0,1
3702020207,0,1
3702020208,0,1
3702020209,0,1
3702020210,0,1
3702020211,0,1
3702020212,0,1
3702030101,0,1
3702030102,0,1
3702030103,0,1
3702030104,0,1
3702030105,0,1
3702030106,0,1
3702030107,0,1
3702030108,0,1
3702030109,0,1
3702030110,0,1
3702030111,0,1
3702030112,0,1
3702030113,0,1
3702030201,0,1
3702030202,0,1
3702030203,0,1
3702030204,0,1
3702030205,2,3
3702030206,0,1
3702030207,0,1
3702030208,2,3
3702030209,0,1
3702030210,0,1
3702030211,0,1
3702030212,0,1
3703010101,0,1
3703010102,0,1
3703010103,0,1
3703010104,0,1
3703010105,0,1
3703010106,2,3
3703010107,0,1
3703010108,0,1
3703010109,0,1
3703010110,0,1
3703010111,0,1
3703010112,0,1
3703010201,0,1
3703010202,0,1
3703010203,0,1
3703010204,2,3
3703010205,0,1
3703010206,0,1
3703010207,0,1
3703010208,0,1
3703010209,0,1
3703010210,2,3
3703010211,0,1
3703010212,0,1
3703020101,0,1
3703020102,2,3
3703020103,0,1
3703020104,0,1
3703020105,2,3
3703020106,0,1
3703020107,0,1
3703020108,0,1
3703020109,0,1
3703020110,2,3
3703020111,0,1
3703020112,0,1
3703020201,0,1
3703020202,0,1
3703020203,0,1
3703020204,2,3
3703020205,0,1
3703020206,0,1
3703020207,0,1
3703020208,0,1
3703020209,0,1
3703020210,0,1
3703020211,0,1
3703020212,0,1
3703030101,2,3
3703030102,0,1
3703030103,2,3
3703030104,2,3
3703030105,2,3
3703030106,0,1
3703030107,0,1
3703030108,2,3
3703030109,0,1
3703030110,0,1
3703030111,2,3
3703030112,0,1
3703030201,2,3
3703030202,0,1
3703030203,2,3
3703030204,2,3
3703030205,2,3
3703030206,2,3
3703030207,0,1
3703030208,0,1
3703030209,0,1
3703030210,2,3
3703030211,0,1
3703030212,0,1
3704010101,0,1
3704010102,0,1
3704010103,0,1
3704010104,0,1
3704010105,0,1
3704010106,0,1
3704010107,0,1
3704010108,0,1
3704010109,0,1
3704010110,0,1
3704010111,0,1
3704010112,0,1
3704010201,0,1
3704010202,0,1
3704010203,0,1
3704010204,0,1
3704010205,0,1
3704010206,0,1
3704010207,0,1
3704010208,0,1
3704010209,0,1
3704010210,0,1
3704010211,0,1
3704010212,0,1
3704020101,0,1
3704020102,0,1
3704020103,0,1
3704020104,0,1
3704020105,0,1
3704020106,0,1
3704020107,0,1
3704020108,0,1
3704020109,0,1
3704020110,0,1
3704020112,0,1
3704020113,0,1
3704020201,0,1
3704020202,0,1
3704020203,0,1
3704020204,0,1
3704020205,0,1
3704020206,0,1
3704020207,0,1
3704020208,0,1
3704020209,0,1
3704020210,0,1
3704020211,0,1
3704020212,0,1
3704030101,2,3
3704030102,0,1
3704030103,2,3
3704030104,2,3
3704030105,2,3
3704030106,2,3
3704030107,2,3
3704030108,2,3
3704030109,2,3
3704030110,2,3
3704030111,2,3
3704030112,2,3
3704030201,2,3
3704030202,2,3
3704030203,0,1
3704030204,0,1
3704030205,0,1
3704030206,0,1
3704030207,0,1
3704030208,0,1
3704030209,2,3
3704030210,2,3
3704030211,2,3
3704030212,0,1
3705010101,0,1
3705010102,2,3
3705010103,2,3
3705010104,2,3
3705010105,0,1
3705010106,2,3
3705010107,2,3
3705010108,0,1
3705010109,0,1
3705010110,2,3
3705010111,0,1
3705010112,2,3
3705010201,0,1
3705010202,0,1
3705010203,0,1
3705010204,0,1
3705010205,0,1
3705010206,0,1
3705010207,0,1
3705010208,0,1
3705010209,0,1
3705010210,0,1
3705010211,0,1
3705010212,0,1
3705020101,0,1
3705020102,0,1
3705020103,0,1
3705020104,0,1
3705020105,0,1
3705020106,0,1
3705020107,0,1
3705020108,0,1
3705020109,0,1
3705020110,0,1
3705020111,0,1
3705020112,0,1
3705020201,2,3
3705020202,2,3
3705020203,0,1
3705020204,2,3
3705020205,0,1
3705020206,2,3
3705020207,0,1
3705020208,0,1
3705020209,0,1
3705020210,0,1
3705020211,0,1
3705020212,0,1
3705030101,2,3
3705030102,0,1
3705030103,2,3
3705030104,0,1
3705030105,0,1
3705030106,0,1
3705030107,2,3
3705030108,0,1
3705030109,0,1
3705030110,0,1
3705030111,0,1
3705030112,0,1
3705030201,0,1
3705030202,0,1
3705030203,2,3
3705030204,0,1
3705030205,0,1
3705030206,0,1
3705030207,0,1
3705030208,0,1
3705030209,0,1
3705030210,2,3
3705030211,2,3
3705030212,0,1
3706010101,0,1
3706010102,0,1
3706010103,0,1
3706010104,0,1
3706010105,2,3
3706010106,0,1
3706010107,0,1
3706010108,0,1
3706010109,2,3
3706010110,0,1
3706010111,0,1
3706010112,2,3
4101010101,0,1
4101010102,0,1
4101010103,0,1
4101010104,0,1
4101010105,0,1
4101010106,0,1
4101010107,0,1
4101010108,0,1
4101010109,0,1
4101010110,0,1
4101010111,0,1
4101010112,0,1
4101010113,0,1
4101010114,0,1
4101010201,0,1
4101010202,0,1
4101010203,0,1
4101010204,0,1
4101010205,0,1
4101010206,0,1
4101010207,0,1
4101010208,0,1
4101010209,0,1
4101010210,0,1
4101010211,2,3
4101010212,0,1
4101010213,0,1
4101020101,0,1
4101020102,0,1
4101020103,0,1
4101020104,0,1
4101020105,0,1
4101020106,0,1
4101020107,0,1
4101020108,0,1
4101020109,0,1
4101020110,0,1
4101020111,1,2
4101020112,0,1
4101020113,0,1
4101020201,0,1
4101020202,0,1
4101020203,0,1
4101020204,0,1
4101020205,0,1
4101020206,0,1
4101020207,0,1
4101020208,0,1
4101020209,0,1
4101020210,0,1
4101020211,0,1
4101020212,0,1
4101030101,0,1
4101030102,0,1
4101030103,0,1
4101030104,0,1
4101030105,2,3
4101030106,0,1
4101030107,0,1
4101030108,0,1
4101030109,0,1
4101030110,2,3
4101030111,0,1
4101030112,0,1
4101030113,2,3
4101030201,0,1
4101030202,0,1
4101030203,0,1
4101030204,0,1
4101030205,0,1
4101030206,2,3
4101030207,0,1
4101030208,0,1
4101030209,0,1
4101030210,0,1
4101030211,0,1
4101030212,2,3
4101030213,0,1
4102010101,0,1
4102010102,0,1
4102010103,0,1
4102010104,0,1
4102010105,0,1
4102010106,0,1
4102010107,0,1
4102010108,0,1
4102010109,0,1
4102010110,0,1
4102010111,0,1
4102010112,0,1
4102010201,0,1
4102010202,0,1
4102010203,0,1
4102010204,0,1
4102010205,0,1
4102010206,0,1
4102010207,0,1
4102010208,0,1
4102010209,0,1
4102010210,0,1
4102010211,0,1
4102010212,0,1
4102010213,0,1
4102020101,0,1
4102020102,0,1
4102020103,0,1
4102020104,0,1
4102020105,0,1
4102020106,0,1
4102020107,2,3
4102020108,0,1
4102020109,0,1
4102020110,0,1
4102020111,0,1
4102020112,0,1
4102020201,0,1
4102020202,0,1
4102020203,0,1
4102020204,0,1
4102020205,2,3
4102020206,0,1
4102020207,0,1
4102020208,0,1
4102020209,0,1
4102020210,0,1
4102020211,0,1
4102020212,0,1
4102030101,0,1
4102030102,0,1
4102030103,0,1
4102030104,0,1
4102030105,0,1
4102030106,0,1
4102030107,0,1
4102030108,0,1
4102030109,0,1
4102030110,0,1
4102030111,0,1
4102030112,2,3
4102030113,0,1
4102030201,0,1
4102030202,0,1
4102030203,0,1
4102030204,2,3
4102030205,2,3
4102030206,0,1
4102030207,0,1
4102030208,2,3
4102030209,0,1
4102030210,0,1
4102030211,0,1
4102030212,2,3
4103010101,0,1
4103010102,0,1
4103010103,0,1
4103010104,2,3
4103010105,0,1
4103010106,0,1
4103010107,2,3
4103010108,2,3
4103010109,0,1
4103010110,2,3
4103010111,0,1
4103010112,0,1
4103010113,0,1
4103010201,0,1
4103010202,0,1
4103010203,0,1
4103010204,2,3
4103010205,0,1
4103010206,0,1
4103010207,0,1
4103010208,0,1
4103010209,0,1
4103010210,0,1
4103010211,0,1
4103010212,0,1
4103010213,2,3
4103020101,2,3
4103020102,0,1
4103020103,2,3
4103020104,2,3
4103020105,2,3
4103020106,2,3
4103020107,2,3
4103020108,0,1
4103020109,2,3
4103020110,2,3
4103020111,0,1
4103020112,0,1
4103020113,2,3
4103020201,0,1
4103020202,0,1
4103020203,2,3
4103020204,0,1
4103020205,2,3
4103020206,0,1
4103020207,0,1
4103020208,2,3
4103020209,2,3
4103020210,2,3
4103020211,0,1
4103020212,2,3
4103020213,2,3
4103030101,0,1
4103030102,0,1
4103030103,0,1
4103030104,0,1
4103030105,0,1
4103030106,0,1
4103030107,0,1
4103030108,0,1
4103030109,0,1
4103030110,2,3
4103030111,0,1
4103030112,0,1
4103030113,0,1
4103030201,0,1
4103030202,0,1
4103030203,2,3
4103030204,0,1
4103030205,0,1
4103030206,0,1
4103030207,0,1
4103030208,0,1
4103030209,0,1
4103030210,0,1
4103030211,1,2
4103030212,0,1
4103030213,0,1
4104010101,2,3
4104010102,0,1
4104010103,0,1
4104010104,0,1
4104010105,0,1
4104010106,2,3
4104010107,0,1
4104010108,0,1
4104010109,0,1
4104010110,0,1
4104010111,0,1
4104010112,2,3
4104010201,2,3
4104010202,2,3
4104010203,0,1
4104010204,2,3
4104010205,0,1
4104010206,0,1
4104010207,0,1
4104010208,2,3
4104010209,0,1
4104010210,0,1
4104010211,0,1
4104010212,0,1
4104020101,2,3
4104020102,2,3
4104020103,2,3
4104020104,0,1
4104020105,0,1
4104020106,2,3
4104020107,0,1
4104020108,2,3
4104020109,2,3
4104020110,2,3
4104020111,0,1
4104020201,2,3
4104020202,2,3
4104020203,2,3
4104020204,2,3
4104020205,2,3
4104020206,2,3
4104020207,2,3
4104020208,2,3
4104020209,0,1
4104020210,2,3
4104020211,2,3
4104020212,2,3
4104030101,0,1
4104030102,2,3
4104030103,0,1
4104030104,2,3
4104030105,2,3
4104030106,0,1
4104030107,0,1
4104030108,2,3
4104030109,0,1
4104030110,2,3
4104030111,0,1
4104030112,2,3
4104030201,0,1
4104030202,2,3
4104030203,1,2
4104030204,2,3
4104030205,2,3
4104030206,0,1
4104030207,0,1
4104030208,0,1
4104030209,0,1
4104030210,2,3
4104030211,2,3
4104030212,2,3
4105010101,0,1
4105010102,0,1
4105010103,0,1
4105010104,0,1
4105010105,0,1
4105010106,0,1
4105010107,0,1
4105010108,0,1
4105010109,0,1
4105010110,0,1
4105010111,0,1
4105010112,0,1
4105010201,0,1
4105010202,2,3
4105010203,0,1
4105010204,0,1
4105010205,0,1
4105010206,0,1
4105010207,0,1
4105010208,0,1
4105010209,0,1
4105010210,0,1
4105010211,0,1
4105010212,0,1
4105020101,0,1
4105020102,0,1
4105020103,0,1
4105020104,0,1
4105020105,0,1
4105020106,0,1
4105020107,0,1
4105020108,0,1
4105020109,0,1
4105020110,0,1
4105020111,0,1
4105020112,0,1
4105020201,0,1
4105020202,0,1
4105020203,0,1
4105020204,0,1
4105020205,0,1
4105020206,0,1
4105020207,0,1
4105020208,0,1
4105020209,0,1
4105020210,0,1
4105020211,0,1
4105020212,0,1
4105030101,0,1
4105030102,0,1
4105030103,0,1
4105030104,0,1
4105030105,0,1
4105030106,0,1
4105030107,0,1
4105030108,0,1
4105030109,0,1
4105030110,0,1
4105030111,0,1
4105030112,0,1
4105030201,0,1
4105030202,0,1
4105030203,0,1
4105030204,0,1
4105030205,0,1
4105030206,0,1
4105030207,0,1
4105030208,0,1
4105030209,0,1
4105030210,0,1
4105030211,0,1
4105030212,0,1
4105030213,0,1
4401010101,0,1
4401010102,0,1
4401010103,0,1
4401010104,0,1
4401010105,2,3
4401010106,0,1
4401010107,0,1
4401010108,0,1
4401010109,0,1
4401010110,0,1
4401010111,0,1
4401010112,2,3
4401010113,0,1
4401010201,0,1
4401010202,2,3
4401010203,0,1
4401010204,0,1
4401010205,0,1
4401010206,0,1
4401010207,0,1
4401010208,0,1
4401010209,0,1
4401010210,0,1
4401010211,0,1
4401010212,0,1
4401020101,0,1
4401020102,0,1
4401020103,0,1
4401020104,0,1
4401020105,0,1
4401020106,0,1
4401020107,0,1
4401020108,0,1
4401020109,0,1
4401020110,0,1
4401020111,0,1
4401020112,0,1
4401020201,0,1
4401020202,0,1
4401020203,0,1
4401020204,0,1
4401020205,0,1
4401020206,0,1
4401020207,0,1
4401020208,0,1
4401020209,0,1
4401020210,0,1
4401020211,0,1
4401020212,0,1
4401030101,0,1
4401030102,0,1
4401030103,0,1
4401030104,0,1
4401030105,0,1
4401030106,0,1
4401030107,0,1
4401030108,0,1
4401030109,2,3
4401030110,2,3
4401030111,0,1
4401030112,0,1
4401030201,0,1
4401030202,0,1
4401030203,0,1
4401030204,0,1
4401030205,0,1
4401030206,0,1
4401030207,0,1
4401030208,0,1
4401030209,0,1
4401030210,0,1
4401030211,0,1
4401030212,0,1
4402010101,0,1
4402010102,0,1
4402010103,0,1
4402010104,0,1
4402010105,0,1
4402010106,0,1
4402010107,0,1
4402010108,0,1
4402010109,0,1
4402010110,0,1
4402010201,0,1
4402010202,0,1
4402010203,0,1
4402010206,0,1
4402010207,0,1
4402010208,0,1
4402010209,0,1
4402010210,0,1
4402010211,0,1
4402010212,0,1
4402020101,0,1
4402020102,0,1
4402020103,0,1
4402020105,0,1
4402020106,0,1
4402020107,0,1
4402020110,0,1
4402020111,0,1
4402020112,0,1
4402020201,0,1
4402020202,0,1
4402020203,0,1
4402020204,0,1
4402020206,0,1
4402020207,0,1
4402020208,0,1
4402020209,0,1
4402020210,0,1
4402020211,0,1
4402020212,0,1
4402020213,0,1
4402030101,0,1
4402030102,0,1
4402030104,0,1
4402030105,0,1
4402030106,0,1
4402030107,0,1
4402030108,0,1
4402030109,0,1
4402030110,0,1
4402030111,0,1
4402030201,0,1
4402030202,0,1
4402030203,0,1
4402030204,0,1
4402030205,0,1
4402030206,0,1
4402030207,0,1
4402030208,0,1
4402030209,0,1
4402030210,0,1
4402030211,0,1
4402030212,0,1
4402030213,0,1
4403010101,0,1
4403010102,0,1
4403010103,0,1
4403010104,0,1
4403010105,0,1
4403010106,0,1
4403010107,0,1
4403010108,0,1
4403010109,0,1
4403010110,0,1
4403010111,0,1
4403010112,0,1
4403010201,2,3
4403010202,2,3
4403010203,0,1
4403010204,0,1
4403010205,0,1
4403010206,0,1
4403010207,0,1
4403010208,0,1
4403010209,0,1
4403010210,2,3
4403010211,0,1
4403010212,0,1
4403020101,0,1
4403020102,0,1
4403020103,0,1
4403020104,0,1
4403020105,0,1
4403020106,0,1
4403020107,0,1
4403020108,0,1
4403020110,0,1
4403020111,0,1
4403020112,2,3
4403020201,0,1
4403020202,0,1
4403020203,0,1
4403020204,2,3
4403020205,0,1
4403020206,0,1
4403020207,2,3
4403020208,0,1
4403020209,0,1
4403020210,0,1
4403020211,0,1
4403020212,0,1
4403030101,2,3
4403030102,0,1
4403030103,0,1
4403030104,0,1
4403030105,0,1
4403030106,2,3
4403030107,0,1
4403030108,0,1
4403030109,0,1
4403030110,2,3
4403030111,2,3
4403030112,2,3
4403030201,0,1
4403030202,2,3
4403030203,0,1
4403030204,0,1
4403030205,2,3
4403030206,2,3
4403030207,2,3
4403030208,2,3
4403030209,0,1
4403030210,2,3
4403030211,2,3
4403030212,0,1
4404010101,0,1
4404010102,0,1
4404010103,0,1
4404010104,0,1
4404010105,0,1
4404010106,2,3
4404010108,0,1
4404010109,0,1
4404010110,0,1
4404010111,0,1
4404010112,0,1
4404010113,0,1
4404010201,0,1
4404010202,0,1
4404010203,0,1
4404010204,0,1
4404010205,0,1
4404010206,0,1
4404010207,0,1
4404010208,2,3
4404010209,0,1
4404010210,2,3
4404010211,0,1
4404010212,0,1
4404020101,2,3
4404020102,2,3
4404020103,0,1
4404020104,0,1
4404020105,0,1
4404020106,0,1
4404020107,0,1
4404020108,0,1
4404020109,0,1
4404020110,0,1
4404020111,2,3
4404020112,0,1
4404020201,0,1
4404020202,0,1
4404020205,2,3
4404020206,0,1
4404020207,0,1
4404020208,0,1
4404020210,0,1
4404020211,0,1
4404020212,0,1
4404030101,0,1
4404030102,0,1
4404030103,0,1
4404030104,0,1
4404030105,0,1
4404030106,0,1
4404030107,0,1
4404030108,0,1
4404030110,0,1
4404030111,0,1
4404030201,0,1
4404030202,2,3
4404030203,0,1
4404030204,0,1
4404030205,0,1
4404030206,0,1
4404030207,0,1
4404030208,0,1
4404030209,0,1
4404030210,2,3
4404030211,0,1
4405010101,0,1
4405010102,0,1
4405010103,0,1
4405010104,0,1
4405010105,0,1
4405010106,0,1
4405010107,0,1
4405010108,0,1
4405010109,0,1
4405010110,0,1
4405010111,0,1
4405010112,0,1
4405010201,0,1
4405010202,0,1
4405010203,0,1
4405010204,0,1
4405010205,0,1
4405010206,0,1
4405010207,0,1
4405010208,0,1
4405010209,0,1
4405010210,0,1
4405010211,0,1
4405010212,0,1
4405010213,0,1
4405020101,0,1
4405020102,0,1
4405020103,0,1
4405020104,0,1
4405020105,0,1
4405020106,0,1
4405020107,0,1
4405020108,0,1
4405020109,0,1
4405020110,0,1
4405020111,0,1
4405020112,0,1
4405020201,0,1
4405020202,0,1
4405020203,0,1
4405020204,0,1
4405020205,0,1
4405020206,0,1
4405020207,0,1
4405020208,0,1
4405020209,0,1
4405020210,0,1
4405020211,0,1
4405020212,0,1
4405030101,0,1
4405030102,0,1
4405030103,0,1
4405030104,0,1
4405030105,0,1
4405030106,0,1
4405030107,0,1
4405030108,0,1
4405030109,0,1
4405030110,0,1
4405030111,0,1
4405030112,0,1
4405030201,0,1
4405030202,0,1
4405030203,0,1
4405030204,2,3
4405030205,0,1
4405030206,0,1
4405030207,0,1
4405030208,0,1
4405030209,0,1
4405030210,2,3
4405030211,0,1
4405030212,0,1
5101010101,0,1
5101010102,0,1
5101010103,0,1
5101010104,0,1
5101010105,0,1
5101010106,0,1
5101010107,0,1
5101010108,0,1
5101010109,0,1
5101010110,0,1
5101010111,0,1
5101010112,0,1
5101010201,2,3
5101010202,0,1
5101010203,2,3
5101010204,0,1
5101010205,2,3
5101010206,2,3
5101010207,0,1
5101010208,0,1
5101010209,0,1
5101010210,2,3
5101010211,2,3
5101010212,2,3
5101020101,0,1
5101020102,2,3
5101020103,2,3
5101020104,0,1
5101020105,0,1
5101020106,2,3
5101020107,2,3
5101020108,0,1
5101020109,0,1
5101020110,0,1
5101020111,2,3
5101020112,0,1
5101020201,2,3
5101020202,2,3
5101020203,2,3
5101020204,2,3
5101020205,2,3
5101020206,2,3
5101020207,2,3
5101020208,2,3
5101020209,2,3
5101020210,2,3
5101020211,2,3
5101020212,0,1
5101030101,2,3
5101030102,0,1
5101030103,0,1
5101030104,0,1
5101030105,0,1
5101030106,0,1
5101030107,0,1
5101030108,0,1
5101030109,0,1
5101030110,0,1
5101030111,0,1
5101030112,0,1
5101030201,2,3
5101030202,0,1
5101030203,2,3
5101030204,2,3
5101030205,2,3
5101030206,0,1
5101030207,0,1
5101030208,0,1
5101030209,0,1
5101030210,0,1
5101030211,0,1
5101030212,2,3
5102010101,0,1
5102010102,0,1
5102010103,0,1
5102010104,0,1
5102010105,0,1
5102010106,0,1
5102010107,2,3
5102010108,0,1
5102010109,0,1
5102010110,0,1
5102010111,0,1
5102010112,0,1
5102010113,0,1
5102010114,0,1
5102010115,0,1
5102010116,0,1
5102010117,0,1
5102010118,1,2
5102010201,0,1
5102010202,0,1
5102010203,0,1
5102010204,0,1
5102010205,0,1
5102010206,0,1
5102010207,0,1
5102010208,0,1
5102010209,0,1
5102010210,0,1
5102010211,0,1
5102010212,0,1
5102010213,0,1
5102010214,0,1
5102010215,0,1
5102020101,0,1
5102020102,0,1
5102020103,0,1
5102020104,0,1
5102020105,0,1
5102020106,0,1
5102020107,0,1
5102020108,0,1
5102020109,0,1
5102020110,0,1
5102020111,0,1
5102020112,0,1
5102020113,0,1
5102020114,0,1
5102020201,0,1
5102020202,0,1
5102020203,0,1
5102020204,0,1
5102020205,0,1
5102020206,0,1
5102020207,0,1
5102020208,0,1
5102020209,0,1
5102020210,0,1
5102020211,2,3
5102020212,0,1
5102020213,0,1
5102020214,0,1
5102030101,0,1
5102030102,0,1
5102030103,0,1
5102030104,0,1
5102030105,0,1
5102030106,0,1
5102030107,0,1
5102030108,0,1
5102030109,0,1
5102030110,0,1
5102030111,0,1
5102030112,0,1
5102030113,0,1
5102030114,0,1
5102030201,0,1
5102030202,0,1
5102030203,0,1
5102030204,0,1
5102030205,0,1
5102030206,0,1
5102030207,0,1
5102030208,0,1
5102030209,0,1
5102030210,0,1
5102030211,0,1
5102030212,0,1
5102030213,0,1
5102040101,0,1
5102040102,0,1
5102040103,0,1
5102040104,2,3
5102040105,0,1
5102040106,0,1
5102040107,0,1
5102040108,0,1
5102040109,0,1
5102040110,0,1
5102040111,0,1
5102040112,0,1
5102040113,0,1
5102040114,0,1
5102040115,0,1
5102040201,0,1
5102040202,0,1
5102040203,0,1
5102040204,0,1
5102040205,0,1
5102040206,0,1
5102040207,0,1
5102040208,0,1
5102040209,0,1
5102040210,0,1
5102040211,0,1
5102040212,0,1
5102040213,0,1
5102040214,0,1
5103010101,2,3
5103010102,0,1
5103010103,0,1
5103010104,0,1
5103010105,0,1
5103010106,0,1
5103010107,2,3
5103010108,0,1
5103010109,0,1
5103010110,0,1
5103010111,0,1
5103010112,0,1
5103010113,2,3
5103010114,2,3
5103010201,0,1
5103010202,2,3
5103010203,2,3
5103010204,0,1
5103010205,2,3
5103010206,0,1
5103010207,0,1
5103010208,0,1
5103010209,2,3
5103010210,2,3
5103010211,2,3
5103010212,0,1
5103010213,0,1
5103010214,0,1
5103020101,0,1
5103020102,0,1
5103020103,0,1
5103020104,0,1
5103020105,2,3
5103020106,0,1
5103020107,0,1
5103020108,0,1
5103020109,2,3
5103020110,2,3
5103020111,0,1
5103020112,0,1
5103020201,0,1
5103020202,2,3
5103020203,0,1
5103020204,0,1
5103020205,0,1
5103020206,2,3
5103020207,0,1
5103020208,0,1
5103020209,0,1
5103020210,2,3
5103020211,2,3
5103020212,2,3
5103020213,2,3
5103020214,2,3
5103030101,0,1
5103030102,0,1
5103030103,0,1
5103030104,0,1
5103030105,0,1
5103030106,2,3
5103030107,0,1
5103030108,0,1
5103030109,0,1
5103030110,0,1
5103030111,0,1
5103030112,0,1
5103030201,0,1
5103030202,2,3
5103030203,0,1
5103030204,0,1
5103030205,0,1
5103030206,2,3
5103030207,2,3
5103030208,0,1
5103030209,0,1
5103030210,2,3
5103030211,0,1
5103030212,0,1
5103030213,2,3
5103030214,0,1
5104010101,0,1
5104010102,0,1
5104010103,2,3
5104010104,0,1
5104010105,2,3
5104010106,2,3
5104010107,2,3
5104010108,0,1
5104010109,2,3
5104010110,2,3
5104010111,0,1
5104010112,0,1
5104010201,2,3
5104010202,2,3
5104010203,2,3
5104010204,2,3
5104010205,2,3
5104010206,0,1
5104010207,0,1
5104010208,0,1
5104010209,2,3
5104010210,2,3
5104010211,2,3
5104010212,2,3
5104020101,0,1
5104020102,0,1
5104020103,0,1
5104020104,0,1
5104020105,0,1
5104020106,0,1
5104020107,2,3
5104020108,0,1
5104020109,0,1
5104020110,0,1
5104020111,0,1
5104020112,2,3
5104020201,0,1
5104020202,0,1
5104020203,0,1
5104020204,0,1
5104020205,0,1
5104020206,0,1
5104020207,0,1
5104020208,0,1
5104020209,0,1
5104020210,0,1
5104020211,0,1
5104020212,0,1
5104030101,0,1
5104030102,0,1
5104030103,0,1
5104030104,2,3
5104030105,2,3
5104030106,2,3
5104030107,0,1
5104030108,0,1
5104030109,0,1
5104030110,0,1
5104030111,0,1
5104030112,0,1
5104030201,0,1
5104030202,0,1
5104030203,2,3
5104030204,0,1
5104030205,0,1
5104030206,0,1
5104030207,0,1
5104030208,0,1
5104030209,0,1
5104030210,0,1
5104030211,0,1
5104030212,0,1
5105010101,2,3
5105010102,2,3
5105010103,2,3
5105010104,0,1
5105010105,0,1
5105010106,0,1
5105010107,2,3
5105010108,2,3
5105010109,0,1
5105010110,0,1
5105010111,2,3
5105010112,2,3
5105010201,0,1
5105010202,2,3
5105010203,0,1
5105010204,0,1
5105010205,0,1
5105010206,2,3
5105010207,0,1
5105010208,0,1
5105010209,2,3
5105010210,0,1
5105010211,2,3
5105010212,2,3
5105020101,0,1
5105020102,0,1
5105020103,0,1
5105020104,0,1
5105020105,2,3
5105020106,2,3
5105020107,0,1
5105020108,0,1
5105020109,2,3
5105020110,0,1
5105020111,2,3
5105020112,0,1
5105020201,2,3
5105020202,0,1
5105020203,0,1
5105020204,2,3
5105020205,2,3
5105020206,2,3
5105020207,0,1
5105020208,0,1
5105020209,0,1
5105020210,2,3
5105020211,0,1
5105020212,0,1
5105030101,0,1
5105030102,0,1
5105030103,0,1
5105030104,0,1
5105030105,0,1
5105030201,0,1
5105030202,0,1
5105030301,0,1
5105030302,0,1
5201010101,2,3
5201010102,0,1
5201010103,2,3
5201010104,0,1
5201010105,2,3
5201010106,2,3
5201010107,2,3
5201010108,2,3
5201010109,2,3
5201010110,2,3
5201010111,0,1
5201010112,0,1
5201010113,0,1
5201010114,2,3
5201010201,0,1
5201010202,0,1
5201010203,2,3
5201010204,0,1
5201010205,0,1
5201010206,0,1
5201010207,0,1
5201010208,0,1
5201010209,0,1
5201010210,0,1
5201010211,0,1
5201010212,0,1
5201020101,2,3
5201020102,0,1
5201020103,0,1
5201020104,0,1
5201020105,2,3
5201020106,0,1
5201020107,0,1
5201020108,0,1
5201020109,2,3
5201020110,0,1
5201020111,0,1
5201020112,0,1
5201020113,0,1
5201020114,0,1
5201020201,2,3
5201020202,2,3
5201020203,2,3
5201020204,0,1
5201020205,0,1
5201020206,2,3
5201020207,2,3
5201020208,0,1
5201020209,2,3
5201020210,0,1
5201020211,2,3
5201020212,2,3
5201020213,0,1
5201020214,0,1
5201030101,2,3
5201030102,2,3
5201030103,2,3
5201030104,2,3
5201030105,2,3
5201030106,2,3
5201030107,0,1
5201030108,2,3
5201030109,0,1
5201030110,2,3
5201030111,2,3
5201030112,0,1
5201030113,0,1
5201030114,2,3
5201030201,0,1
5201030202,0,1
5201030203,2,3
5201030204,2,3
5201030205,0,1
5201030206,2,3
5201030207,0,1
5201030208,0,1
5201030209,0,1
5201030210,2,3
5201030211,2,3
5201030212,0,1
5201030213,0,1
5201030214,0,1
5202010101,0,1
5202010102,0,1
5202010103,0,1
5202010104,0,1
5202010105,0,1
5202010106,0,1
5202010107,2,3
5202010108,0,1
5202010109,0,1
5202010110,2,3
5202010111,2,3
5202010112,0,1
5202010113,2,3
5202010114,0,1
5202010115,0,1
5202010201,2,3
5202010202,2,3
5202010203,0,1
5202010204,2,3
5202010205,2,3
5202010206,2,3
5202010207,0,1
5202010208,0,1
5202010209,0,1
5202010210,2,3
5202010211,2,3
5202010212,2,3
5202010213,2,3
5202020101,2,3
5202020102,0,1
5202020103,2,3
5202020104,0,1
5202020105,2,3
5202020106,2,3
5202020107,2,3
5202020108,0,1
5202020109,2,3
5202020110,0,1
5202020111,2,3
5202020112,0,1
5202020113,0,1
5202020114,2,3
5202020201,2,3
5202020202,2,3
5202020203,0,1
5202020204,0,1
5202020205,0,1
5202020206,0,1
5202020207,2,3
5202020208,0,1
5202020209,0,1
5202020210,0,1
5202020211,0,1
5202020212,0,1
5202020213,0,1
5202020214,0,1
5202030101,0,1
5202030102,2,3
5202030103,0,1
5202030104,0,1
5202030105,0,1
5202030106,0,1
5202030107,2,3
5202030108,0,1
5202030109,2,3
5202030110,0,1
5202030111,2,3
5202030112,0,1
5202030113,2,3
5202030114,0,1
5202030201,0,1
5202030202,0,1
5202030203,2,3
5202030204,2,3
5202030205,2,3
5202030206,2,3
5202030207,0,1
5202030208,2,3
5202030209,0,1
5202030210,0,1
5202030211,0,1
5202030212,2,3
5202030213,2,3
5203010101,0,1
5203010102,0,1
5203010103,0,1
5203010104,2,3
5203010105,2,3
5203010106,2,3
5203010107,2,3
5203010108,2,3
5203010109,2,3
5203010110,2,3
5203010111,2,3
5203010112,0,1
5203010113,2,3
5203010114,2,3
5203010115,0,1
5203010116,0,1
5203010117,0,1
5203010118,0,1
5203010119,0,1
5203010201,2,3
5203010202,0,1
5203010203,0,1
5203010204,2,3
5203010205,0,1
5203010206,2,3
5203010207,0,1
5203010208,2,3
5203010209,0,1
5203010210,0,1
5203010211,0,1
5203020101,0,1
5203020102,0,1
5203020103,0,1
5203020104,2,3
5203020105,0,1
5203020106,0,1
5203020107,2,3
5203020108,0,1
5203020109,0,1
5203020110,0,1
5203020111,0,1
5203020112,0,1
5203020113,2,3
5203020114,2,3
5203020115,2,3
5203020201,0,1
5203020202,0,1
5203020203,0,1
5203020204,0,1
5203020205,0,1
5203020206,0,1
5203020207,0,1
5203020208,0,1
5203020209,0,1
5203020210,0,1
5203020211,0,1
5203020212,0,1
5203020213,0,1
5203020214,0,1
5203020215,0,1
5203020216,0,1
5203020217,0,1
5203020218,0,1
5203020219,0,1
5203030101,0,1
5203030102,2,3
5203030103,2,3
5203030104,2,3
5203030105,0,1
5203030106,0,1
5203030107,2,3
5203030108,2,3
5203030109,0,1
5203030110,2,3
5203030111,2,3
5203030112,0,1
5203030113,0,1
5203030114,0,1
5203030115,0,1
5203030201,2,3
5203030202,2,3
5203030203,0,1
5203030204,0,1
5203030205,2,3
5203030206,0,1
5203030207,0,1
5203030208,2,3
5203030209,0,1
5203030210,0,1
5203030211,2,3
5204010101,2,3
5204010102,0,1
5204010103,0,1
5204010104,2,3
5204010105,2,3
5204010106,0,1
5204010107,2,3
5204010108,0,1
5204010109,0,1
5204010110,2,3
5204010111,2,3
5204010201,0,1
5204010202,2,3
5204010203,0,1
5204010204,2,3
5204010205,0,1
5204010206,2,3
5204010207,0,1
5204010208,0,1
5204010209,2,3
5204010210,2,3
5204010211,0,1
5204010212,2,3
5204010213,2,3
5204010214,0,1
5204010215,0,1
5204020101,2,3
5204020102,2,3
5204020103,2,3
5204020104,0,1
5204020105,2,3
5204020106,2,3
5204020107,0,1
5204020108,2,3
5204020109,2,3
5204020110,0,1
5204020111,2,3
5204020112,0,1
5204020113,0,1
5204020114,2,3
5204020201,0,1
5204020202,2,3
5204020203,0,1
5204020204,0,1
5204020205,0,1
5204020206,0,1
5204020207,2,3
5204020208,2,3
5204020209,0,1
5204020210,2,3
5204020211,0,1
5204020212,2,3
5204020213,0,1
5204020214,0,1
5204030101,2,3
5204030102,0,1
5204030103,0,1
5204030104,0,1
5204030105,2,3
5204030106,0,1
5204030107,0,1
5204030108,2,3
5204030109,0,1
5204030110,0,1
5204030111,2,3
5204030112,2,3
5204030113,0,1
5204030114,2,3
5204030115,2,3
5204030201,0,1
5204030202,0,1
5204030203,0,1
5204030204,0,1
5204030205,0,1
5204030206,2,3
5204030207,0,1
5204030208,0,1
5204030209,2,3
5204030210,2,3
5204030211,0,1
5204030212,2,3
5204030213,2,3
5205010101,2,3
5205010102,2,3
5205010103,0,1
5205010104,2,3
5205010105,0,1
5205010106,2,3
5205010107,0,1
5205010108,0,1
5205010109,0,1
5205010110,0,1
5205010111,0,1
5205010112,0,1
5205010201,2,3
5205010202,2,3
5205010203,0,1
5205010204,0,1
5205010205,0,1
5205010206,0,1
5205010207,2,3
5205010208,2,3
5205010209,0,1
5205010210,2,3
5205010211,0,1
5205010212,0,1
5205010213,2,3
5205010214,2,3
5205020101,2,3
5205020102,2,3
5205020103,2,3
5205020104,2,3
5205020105,2,3
5205020106,2,3
5205020107,0,1
5205020108,0,1
5205020109,2,3
5205020110,0,1
5205020111,0,1
5205020112,0,1
5205020113,0,1
5205020114,0,1
5205020115,2,3
5205020116,0,1
5205020117,2,3
5205020201,2,3
5205020202,2,3
5205020203,0,1
5205020204,0,1
5205020205,0,1
5205020206,0,1
5205020207,0,1
5205020208,0,1
5205020209,0,1
5205020210,0,1
5205020211,0,1
5205030101,2,3
5205030102,2,3
5205030103,0,1
5205030104,2,3
5205030105,0,1
5205030106,0,1
5205030107,0,1
5205030108,2,3
5205030109,0,1
5205030110,0,1
5205030111,2,3
5205030112,0,1
5205030201,0,1
5205030202,2,3
5205030203,2,3
5205030204,2,3
5205030205,2,3
5205030206,2,3
5205030207,2,3
5205030208,2,3
5205030209,2,3
5205030210,0,1
5205030211,2,3
5205030212,0,1
5205030213,2,3
6101010101,0,1
6101010102,0,1
6101010103,0,1
6101010104,0,1
6101010105,0,1
6101010106,0,1
6101010107,0,1
6101010108,0,1
6101010109,0,1
6101010110,2,3
6101010111,0,1
6101010112,2,3
6101010201,0,1
6101010202,0,1
6101010203,0,1
6101010204,0,1
6101010205,0,1
6101010206,0,1
6101010207,0,1
6101010208,0,1
6101010209,0,1
6101010210,0,1
6101010211,0,1
6101010212,0,1
6101020101,0,1
6101020102,0,1
6101020103,0,1
6101020104,0,1
6101020105,0,1
6101020106,0,1
6101020107,2,3
6101020108,0,1
6101020109,0,1
6101020110,0,1
6101020111,0,1
6101020112,0,1
6101020201,2,3
6101020202,0,1
6101020203,0,1
6101020204,0,1
6101020205,0,1
6101020206,0,1
6101020207,0,1
6101020208,0,1
6101020209,2,3
6101020210,0,1
6101020211,0,1
6101020212,0,1
6101020213,0,1
6101030101,2,3
6101030102,2,3
6101030103,0,1
6101030104,0,1
6101030105,0,1
6101030106,0,1
6101030107,0,1
6101030108,0,1
6101030109,0,1
6101030110,0,1
6101030111,0,1
6101030112,0,1
6101030201,0,1
6101030202,0,1
6101030203,0,1
6101030204,0,1
6101030205,0,1
6101030206,0,1
6101030207,0,1
6101030208,0,1
6101030209,0,1
6101030210,0,1
6101030211,0,1
6101030212,0,1
6101030213,0,1
6102010101,0,1
6102010102,0,1
6102010103,0,1
6102010104,0,1
6102010105,0,1
6102010106,0,1
6102010107,0,1
6102010108,0,1
6102010109,0,1
6102010110,0,1
6102010111,0,1
6102010112,0,1
6102010201,0,1
6102010202,0,1
6102010203,0,1
6102010204,0,1
6102010205,0,1
6102010206,2,3
6102010207,0,1
6102010208,0,1
6102010209,0,1
6102010210,0,1
6102010211,0,1
6102010212,0,1
6102020101,0,1
6102020102,0,1
6102020103,2,3
6102020104,2,3
6102020105,0,1
6102020106,0,1
6102020107,2,3
6102020108,2,3
6102020109,2,3
6102020110,2,3
6102020111,0,1
6102020112,2,3
6102020201,2,3
6102020202,2,3
6102020203,0,1
6102020204,0,1
6102020205,0,1
6102020206,0,1
6102020207,0,1
6102020208,0,1
6102020209,0,1
6102020210,0,1
6102020211,0,1
6102020212,0,1
6102030101,0,1
6102030102,0,1
6102030103,0,1
6102030104,2,3
6102030105,2,3
6102030106,0,1
6102030107,2,3
6102030108,0,1
6102030109,2,3
6102030110,2,3
6102030111,0,1
6102030112,0,1
6102030201,0,1
6102030202,0,1
6102030203,0,1
6102030204,0,1
6102030205,0,1
6102030206,0,1
6102030207,0,1
6102030208,0,1
6102030209,0,1
6102030210,0,1
6102030211,0,1
6102030212,0,1
6103010101,2,3
6103010102,0,1
6103010103,2,3
6103010104,2,3
6103010105,0,1
6103010106,2,3
6103010107,2,3
6103010108,2,3
6103010109,2,3
6103010110,2,3
6103010111,2,3
6103010112,0,1
6103010201,2,3
6103010202,2,3
6103010203,0,1
6103010204,2,3
6103010205,0,1
6103010206,0,1
6103010207,0,1
6103010208,0,1
6103010209,0,1
6103010210,0,1
6103010211,2,3
6103010212,0,1
6103020101,2,3
6103020102,0,1
6103020104,2,3
6103020105,2,3
6103020106,0,1
6103020107,2,3
6103020108,2,3
6103020109,0,1
6103020110,0,1
6103020111,0,1
6103020112,0,1
6103020201,2,3
6103020202,2,3
6103020203,2,3
6103020204,2,3
6103020205,2,3
6103020206,0,1
6103020207,2,3
6103020208,2,3
6103020209,0,1
6103020210,2,3
6103020211,0,1
6103020212,2,3
6103030101,0,1
6103030102,2,3
6103030103,2,3
6103030104,2,3
6103030105,2,3
6103030106,0,1
6103030107,2,3
6103030108,0,1
6103030109,0,1
6103030110,1,2
6103030111,2,3
6103030112,0,1
6103030201,0,1
6103030202,0,1
6103030203,2,3
6103030204,0,1
6103030205,1,2
6103030206,0,1
6103030207,0,1
6103030208,2,3
6103030209,2,3
6103030210,2,3
6103030211,0,1
6103030212,0,1
6104010101,0,1
6104010102,2,3
6104010103,0,1
6104010104,0,1
6104010105,0,1
6104010106,0,1
6104010107,2,3
6104010108,0,1
6104010109,0,1
6104010110,0,1
6104010111,2,3
6104010112,0,1
6104010201,0,1
6104010202,0,1
6104010203,2,3
6104010204,0,1
6104010205,0,1
6104010206,0,1
6104010207,0,1
6104010208,0,1
6104010209,0,1
6104010210,0,1
6104010211,0,1
6104010212,0,1
6104020101,0,1
6104020102,0,1
6104020103,0,1
6104020104,0,1
6104020105,0,1
6104020106,0,1
6104020107,0,1
6104020108,0,1
6104020109,0,1
6104020110,0,1
6104020111,0,1
6104020112,0,1
6104020201,0,1
6104020202,0,1
6104020203,0,1
6104020204,0,1
6104020205,0,1
6104020206,0,1
6104020207,0,1
6104020208,0,1
6104020209,0,1
6104020210,0,1
6104020211,0,1
6104020212,0,1
6104030101,0,1
6104030102,0,1
6104030103,0,1
6104030104,0,1
6104030105,0,1
6104030106,0,1
6104030107,2,3
6104030108,2,3
6104030109,0,1
6104030110,0,1
6104030111,0,1
6104030112,0,1
6104030201,0,1
6104030202,0,1
6104030203,0,1
6104030204,0,1
6104030205,0,1
6104030206,0,1
6104030207,0,1
6104030208,0,1
6104030209,0,1
6104030210,0,1
6104030211,0,1
6104030212,0,1
6105010101,0,1
6105010102,0,1
6105010103,0,1
6105010104,0,1
6105010105,0,1
6105010106,0,1
6105010107,0,1
6105010108,0,1
6105010109,0,1
6105010110,0,1
6105010111,0,1
6105010112,0,1
6105010201,0,1
6105010202,0,1
6105010203,0,1
6105010204,0,1
6105010205,0,1
6105010206,0,1
6105010207,0,1
6105010208,0,1
6105010209,0,1
6105010210,1,2
6105010211,2,3
6105010212,0,1
6105020101,0,1
6105020102,0,1
6105020103,0,1
6105020104,0,1
6105020105,0,1
6105020106,0,1
6105020107,0,1
6105020108,2,3
6105020109,0,1
6105020110,0,1
6105020111,0,1
6105020112,0,1
6105020201,0,1
6105020202,0,1
6105020203,0,1
6105020204,0,1
6105020205,0,1
6105020206,0,1
6105020207,0,1
6105020208,0,1
6105020209,0,1
6105020210,0,1
6105020211,0,1
6105020212,0,1
6105030101,0,1
6105030102,0,1
6105030103,0,1
6105030104,0,1
6105030105,0,1
6105030106,0,1
6105030107,0,1
6105030108,0,1
6105030109,0,1
6105030110,0,1
6105030111,0,1
6105030112,0,1
6105030201,0,1
6105030202,0,1
6105030203,1,2
6105030204,0,1
6105030205,0,1
6105030206,0,1
6105030207,0,1
6105030208,0,1
6105030209,1,2
6105030210,0,1
6105030211,0,1
6105030212,0,1
6401010101,0,1
6401010102,0,1
6401010103,0,1
6401010104,0,1
6401010105,0,1
6401010106,0,1
6401010107,0,1
6401010108,0,1
6401010109,0,1
6401010110,0,1
6401010111,0,1
6401010112,0,1
6401010201,0,1
6401010202,0,1
6401010203,0,1
6401010204,0,1
6401010205,0,1
6401010206,0,1
6401010207,0,1
6401010208,0,1
6401010209,0,1
6401010210,0,1
6401010211,0,1
6401010212,0,1
6401010301,0,1
6401010302,0,1
6401010303,0,1
6401010304,0,1
6401010305,0,1
6401010306,0,1
6401010307,0,1
6401010308,0,1
6401010309,0,1
6401010310,2,3
6401010311,0,1
6401010312,0,1
6401010401,0,1
6401010402,0,1
6401010403,0,1
6401010404,0,1
6401010405,0,1
6401010406,0,1
6401010407,0,1
6401010408,0,1
6401010409,0,1
6401010411,0,1
6401010412,0,1
6401020101,0,1
6401020102,0,1
6401020103,0,1
6401020104,0,1
6401020105,0,1
6401020106,0,1
6401020107,0,1
6401020108,0,1
6401020109,0,1
6401020110,0,1
6401020111,0,1
6401020112,0,1
6401020201,0,1
6401020202,0,1
6401020203,0,1
6401020204,0,1
6401020205,0,1
6401020206,0,1
6401020207,0,1
6401020208,0,1
6401020209,0,1
6401020210,0,1
6401020211,0,1
6401020212,0,1
6401030101,0,1
6401030102,0,1
6401030103,0,1
6401030104,0,1
6401030105,0,1
6401030106,0,1
6401030107,0,1
6401030108,0,1
6401030109,0,1
6401030110,0,1
6401030111,0,1
6401030112,2,3
6401030201,0,1
6401030202,0,1
6401030203,0,1
6401030204,0,1
6401030205,0,1
6401030206,0,1
6401030207,0,1
6401030208,0,1
6401030209,0,1
6401030210,0,1
6401030211,0,1
6401030212,0,1
6402010101,0,1
6402010102,1,2
6402010103,0,1
6402010104,0,1
6402010105,0,1
6402010106,2,3
6402010107,0,1
6402010108,0,1
6402010109,0,1
6402010110,2,3
6402010111,0,1
6402010112,0,1
6402010201,2,3
6402010202,0,1
6402010203,0,1
6402010204,0,1
6402010205,0,1
6402010206,0,1
6402010207,0,1
6402010208,0,1
6402010209,0,1
6402010210,0,1
6402010211,0,1
6402010212,0,1
6402020101,0,1
6402020102,0,1
6402020103,2,3
6402020104,0,1
6402020105,0,1
6402020106,0,1
6402020107,0,1
6402020108,0,1
6402020109,2,3
6402020110,0,1
6402020111,2,3
6402020112,0,1
6402020113,0,1
6402020201,2,3
6402020202,2,3
6402020203,2,3
6402020204,0,1
6402020205,0,1
6402020206,2,3
6402020207,0,1
6402020208,0,1
6402020209,2,3
6402020210,0,1
6402020211,1,2
6402020212,2,3
6402030101,2,3
6402030102,0,1
6402030103,0,1
6402030104,0,1
6402030105,0,1
6402030106,0,1
6402030107,0,1
6402030108,0,1
6402030109,0,1
6402030110,0,1
6402030111,0,1
6402030112,0,1
6402030113,0,1
6402030201,0,1
6402030202,0,1
6402030203,2,3
6402030204,0,1
6402030205,0,1
6402030206,0,1
6402030207,2,3
6402030208,0,1
6402030209,0,1
6402030210,0,1
6402030211,2,3
6402030212,2,3
6403010101,0,1
6403010102,0,1
6403010103,2,3
6403010104,2,3
6403010105,2,3
6403010106,2,3
6403010107,2,3
6403010108,2,3
6403010109,0,1
6403010110,2,3
6403010111,2,3
6403010112,0,1
6403010113,2,3
6403010201,2,3
6403010202,0,1
6403010203,0,1
6403010204,0,1
6403010205,0,1
6403010206,2,3
6403010207,0,1
6403010208,0,1
6403010209,0,1
6403010210,0,1
6403010211,0,1
6403010212,0,1
6403010213,2,3
6403020101,0,1
6403020102,0,1
6403020103,0,1
6403020104,0,1
6403020105,0,1
6403020106,0,1
6403020107,0,1
6403020108,0,1
6403020109,0,1
6403020110,0,1
6403020111,0,1
6403020112,0,1
6403020201,2,3
6403020202,0,1
6403020203,2,3
6403020204,1,2
6403020205,0,1
6403020206,0,1
6403020207,0,1
6403020208,0,1
6403020209,2,3
6403020210,0,1
6403020211,2,3
6403020212,2,3
6403030101,2,3
6403030102,0,1
6403030103,2,3
6403030104,2,3
6403030105,2,3
6403030106,2,3
6403030107,2,3
6403030108,2,3
6403030109,0,1
6403030110,0,1
6403030111,2,3
6403030112,0,1
6403030201,0,1
6403030202,0,1
6403030203,0,1
6403030204,0,1
6403030205,0,1
6403030206,2,3
6403030207,0,1
6403030208,0,1
6403030209,0,1
6403030210,0,1
6403030211,0,1
6403030212,0,1
6403030213,0,1
6404010101,0,1
6404010102,0,1
6404010103,2,3
6404010104,0,1
6404010105,1,2
6404010106,1,2
6404010107,1,2
6404010108,0,1
6404010109,0,1
6404010110,0,1
6404010111,2,3
6404010112,0,1
6404010201,2,3
6404010202,2,3
6404010203,0,1
6404010204,0,1
6404010205,0,1
6404010206,2,3
6404010207,0,1
6404010208,2,3
6404010209,0,1
6404010210,0,1
6404010211,0,1
6404010212,2,3
6404020101,2,3
6404020102,2,3
6404020103,2,3
6404020104,0,1
6404020105,2,3
6404020106,2,3
6404020107,0,1
6404020108,0,1
6404020109,2,3
6404020110,2,3
6404020111,2,3
6404020112,2,3
6404020113,2,3
6404020201,2,3
6404020202,0,1
6404020203,0,1
6404020204,0,1
6404020205,0,1
6404020206,0,1
6404020207,2,3
6404020208,2,3
6404020209,0,1
6404020210,0,1
6404020211,0,1
6404020212,0,1
6404020213,0,1
6404020214,0,1
6404030101,2,3
6404030102,2,3
6404030103,2,3
6404030104,0,1
6404030105,0,1
6404030106,2,3
6404030107,0,1
6404030108,2,3
6404030109,2,3
6404030110,0,1
6404030111,0,1
6404030112,0,1
6404030201,2,3
6404030202,0,1
6404030203,2,3
6404030204,2,3
6404030205,2,3
6404030206,2,3
6404030207,0,1
6404030208,0,1
6404030209,0,1
6404030210,2,3
6404030211,2,3
6404030212,2,3
6405010101,2,3
6405010102,2,3
6405010103,2,3
6405010104,0,1
6405010105,2,3
6405010106,0,1
6405010107,2,3
6405010108,2,3
6405010109,2,3
6405010110,2,3
6405010111,2,3
6405010112,1,2
6405010113,2,3
6405010114,2,3
6405010201,2,3
6405010202,2,3
6405010203,2,3
6405010204,0,1
6405010205,2,3
6405010206,2,3
6405010207,2,3
6405010208,2,3
6405010209,2,3
6405010210,2,3
6405010211,2,3
6405010212,2,3
6405010213,2,3
6405010214,2,3
6405020101,2,3
6405020102,0,1
6405020103,2,3
6405020104,2,3
6405020105,0,1
6405020106,0,1
6405020107,2,3
6405020108,2,3
6405020109,0,1
6405020110,2,3
6405020111,0,1
6405020112,0,1
6405020201,2,3
6405020202,2,3
6405020203,0,1
6405020204,2,3
6405020205,0,1
6405020206,2,3
6405020207,2,3
6405020208,1,2
6405020209,0,1
6405020210,2,3
6405020211,2,3
6405020212,0,1
6405030101,2,3
6405030102,2,3
6405030103,0,1
6405030104,2,3
6405030105,2,3
6405030106,0,1
6405030107,2,3
6405030108,2,3
6405030109,2,3
6405030110,2,3
6405030111,2,3
6405030112,2,3
6405030201,2,3
6405030202,2,3
6405030203,2,3
6405030204,2,3
6405030205,2,3
6405030206,0,1
6405030207,2,3
6405030208,2,3
6405030209,2,3
6405030210,2,3
6405030211,0,1
6405030212,0,1
